,lat,timestamp,changeset,lon,id,version,tags,addr:city,addr:country,addr:housenumber,addr:postcode,addr:street,name,geometry,osm_type
0,44.545387,1376131496,0.0,10.807001,1973867016,4,"{""entrance"":""yes"",""factory"":""tile"",""industrial"":""factory""}",Fiorano Modenese,IT,54,41042,Via Braida,Emil Ceramica - Stabilimento di Fiorano 1,POINT (10.807001113891602 44.545387268066406),node
1,44.544727,1362653201,0.0,10.807148,2081125617,2,"{""factory"":""automation"",""industrial"":""factory"",""shop"":""trade"",""trade"":""tile; parquet""}",Fiorano Modenese,IT,22,41042,Via Braida,Prologic,POINT (10.807147979736328 44.54472732543945),node
2,44.544346,1376072324,0.0,10.81028,2082504339,3,"{""entrance"":""yes"",""factory"":""dressmaker"",""industrial"":""factory""}",Fiorano Modenese,IT,8c,41042,Via Braida,Maglificio Vienna S.r.l.,POINT (10.810279846191406 44.54434585571289),node
3,44.545868,1376140609,0.0,10.811574,2245943844,2,"{""factory"":""wood display, metal display, showrooms"",""industrial"":""factory""}",Fiorano Modenese,IT,20,41042,Via Ghiarola Nuova,Polcart spa,POINT (10.81157398223877 44.545867919921875),node
4,44.546623,1376140607,0.0,10.811438,2246449646,2,"{""factory"":""electric vibrators"",""industrial"":""factory""}",Fiorano Modenese,IT,22,41042,Via Ghiarola Nuova,Italvibras G. Silingardi Spa,POINT (10.811437606811523 44.54662322998047),node
5,44.54777,1376140607,0.0,10.812158,2248158138,2,"{""factory"":""industrial painting"",""industrial"":""factory""}",Fiorano Modenese,IT,36,41042,Via Ghiarola Nuova,Bartoli Luca,POINT (10.81215763092041 44.54777145385742),node
6,44.54769,1367737082,0.0,10.811575,2248158145,2,"{""factory"":""metal_construction"",""industrial"":""factory""}",Fiorano Modenese,IT,40,41042,Via Ghiarola Nuova,Cemic srl,POINT (10.811574935913086 44.547691345214844),node
7,44.54777,1365076490,0.0,10.8119955,2248158152,1,"{""factory"":""industrial painting"",""industrial"":""factory""}",Fiorano Modenese,IT,36a,41042,Via Ghiarola Nuova,FIM teloneria snc,POINT (10.811995506286621 44.54777145385742),node
8,44.55244,1365331685,0.0,10.811258,2254742413,1,"{""factory"":""tile"",""industrial"":""factory""}",Fiorano Modenese,IT,116,41042,Via Ghiarola Nuova,ALCO ceramiche spa,POINT (10.811258316040039 44.55244064331055),node
9,44.55238,1365331687,0.0,10.810476,2254742545,1,"{""factory"":""tile"",""industrial"":""factory""}",Fiorano Modenese,IT,77,41042,Via Ghiarola Nuova,Savoia Italia spa,POINT (10.810476303100586 44.5523796081543),node
10,44.55093,1365334005,0.0,10.812301,2254825007,2,"{""factory"":""automation"",""industrial"":""factory""}",Fiorano Modenese,IT,94,41042,Via Ghiarola Nuova,TSC spa,POINT (10.812300682067871 44.55093002319336),node
11,44.550846,1365355807,0.0,10.814201,2255836069,1,"{""factory"":""metal_construction"",""industrial"":""factory""}",Fiorano Modenese,IT,116r,41042,Via Ghiarola Nuova,BCF srl,POINT (10.814201354980469 44.550846099853516),node
12,44.551563,1376140608,0.0,10.816207,2255836101,2,"{""factory"":""metal_construction"",""industrial"":""factory""}",Fiorano Modenese,IT,118f,41042,Via Ghiarola Nuova,Lb Officine Meccaniche Spa,POINT (10.816206932067871 44.55156326293945),node
13,44.550995,1376140610,0.0,10.813233,2255836223,2,"{""factory"":""automation"",""industrial"":""factory""}",Fiorano Modenese,IT,116c,41042,Via Ghiarola Nuova,Robotyle,POINT (10.813233375549316 44.550994873046875),node
14,44.551422,1376140610,0.0,10.813404,2255836248,2,"{""factory"":""painting"",""industrial"":""factory""}",Fiorano Modenese,IT,116d,41042,Via Ghiarola Nuova,Silver verniciatura industriale,POINT (10.813404083251953 44.551422119140625),node
15,44.554245,1365422461,0.0,10.810411,2258093204,1,"{""factory"":""tile"",""industrial"":""factory""}",Fiorano Modenese,IT,85,41042,Via Ghiarola Nuova,Bayker Italia Spa,POINT (10.81041145324707 44.55424499511719),node
16,44.554554,1365429833,0.0,10.810901,2258263896,1,"{""factory"":""brick"",""industrial"":""factory""}",Fiorano Modenese,IT,120,41042,Via Ghiarola Nuova,Fornace SILA,POINT (10.810900688171387 44.5545539855957),node
17,44.556274,1376148526,0.0,10.810879,2258412418,2,"{""factory"":""tile"",""industrial"":""factory""}",Fiorano Modenese,IT,89,41042,Via Ghiarola Nuova,Riwal ceramica spa,POINT (10.81087875366211 44.5562744140625),node
18,44.557335,1376148526,0.0,10.811725,2259707583,2,"{""factory"":""tile"",""industrial"":""factory""}",Fiorano Modenese,IT,138,41042,Via Ghiarola Nuova,Thema srl,POINT (10.811724662780762 44.557334899902344),node
19,44.557518,1376148525,0.0,10.812056,2260062571,2,"{""factory"":""tile"",""industrial"":""factory""}",Fiorano Modenese,IT,140,41042,Via Ghiarola Nuova,Polo logistico ABK group spa,POINT (10.812055587768555 44.557518005371094),node
20,44.562088,1365593681,0.0,10.810897,2261427725,1,"{""factory"":""metal_construction"",""industrial"":""factory""}",Fiorano Modenese,IT,8,41042,Via Enrico Mattei,Intema,POINT (10.810896873474121 44.56208801269531),node
21,44.56203,1365593682,0.0,10.811672,2261427737,1,"{""factory"":""coding solutions"",""industrial"":""factory""}",Fiorano Modenese,IT,2,41042,Via Enrico Mattei,Topjet,POINT (10.81167221069336 44.56203079223633),node
22,44.561256,1365611557,0.0,10.810085,2261763873,1,"{""factory"":""automation"",""industrial"":""factory""}",Fiorano Modenese,IT,30,41042,Via Enrico Mattei,Cooltech srl,POINT (10.81008529663086 44.561256408691406),node
23,44.560886,1365611557,0.0,10.809973,2261763887,1,"{""factory"":""automation"",""industrial"":""factory""}",Fiorano Modenese,IT,46,41042,Via Enrico Mattei,Mectronic srl,POINT (10.809972763061523 44.56088638305664),node
24,44.561672,1365611557,0.0,10.810276,2261763899,1,"{""factory"":""automation"",""industrial"":""factory""}",Fiorano Modenese,IT,22,41042,Via Enrico Mattei,Unitech snc,POINT (10.81027603149414 44.56167221069336),node
25,44.563183,1365614547,0.0,10.812702,2261810803,1,"{""factory"":""tile"",""industrial"":""factory""}",Fiorano Modenese,IT,119,41042,Via Ghiarola Nuova,IRIS ceramica spa,POINT (10.812702178955078 44.56318283081055),node
26,44.56479,1365672557,0.0,10.815634,2262537640,1,"{""factory"":""tile"",""industrial"":""factory""}",Fiorano Modenese,IT,258,41042,Via Ghiarola Nuova,Laminam spa,POINT (10.815633773803711 44.564788818359375),node
27,44.563683,1365672557,0.0,10.817037,2262537641,1,"{""factory"":""tile"",""industrial"":""factory""}",Fiorano Modenese,IT,228,41042,Via Ghiarola Nuova,Petracer's ceramiche srl,POINT (10.817036628723145 44.563682556152344),node
28,44.56727,1365677803,0.0,10.816097,2262622422,1,"{""factory"":""tile"",""industrial"":""factory""}",Fiorano Modenese,IT,272,41042,Via Ghiarola Nuova,Kis ceramica,POINT (10.816097259521484 44.56726837158203),node
29,44.566593,1365753181,0.0,10.810895,2264194751,1,"{""factory"":""tile"",""industrial"":""factory""}",Fiorano Modenese,IT,9,41042,Via Radici in piano,Eiffelgres,POINT (10.810894966125488 44.566593170166016),node
30,44.560005,1365788888,0.0,10.81701,2264400632,2,"{""factory"":""metal_construction"",""industrial"":""factory""}",Fiorano Modenese,IT,58,41042,Via della Stazione,Ghini srl,POINT (10.817009925842285 44.56000518798828),node
31,44.561035,1383549185,0.0,10.815107,2264400633,2,"{""factory"":""hardwood floors"",""industrial"":""factory""}",Fiorano Modenese,IT,9,41042,Via della Stazione,Giacobazzi & C. Pavimenti in Legno,POINT (10.815107345581055 44.56103515625),node
32,44.56086,1365767870,0.0,10.815723,2264400635,1,"{""factory"":""thermoplastic packaging"",""industrial"":""factory""}",Fiorano Modenese,IT,13,41042,Via della Stazione,Termoplastica Sghedoni Spa,POINT (10.815723419189453 44.56085968017578),node
33,44.56197,1400635074,0.0,10.821408,2266573463,2,"{""factory"":""refractories"",""industrial"":""factory""}",Fiorano Modenese,IT,63,41042,Via Sacco e Vanzetti,Calderys Italia Srl,POINT (10.82140827178955 44.56196975708008),node
34,44.560024,1365934507,0.0,10.824414,2266771378,1,"{""factory"":""metal_construction"",""industrial"":""factory""}",Fiorano Modenese,IT,26,41042,Via Fosse Ardeatine,OMP S.R.L.,POINT (10.824414253234863 44.56002426147461),node
35,44.559536,1401181663,0.0,10.82467,2266771429,2,"{""factory"":""painting"",""industrial"":""factory""}",Fiorano Modenese,IT,28,41042,Via Fosse Ardeatine,V.E. Verniciatura Elettrostatica S.r.l.,POINT (10.82466983795166 44.55953598022461),node
36,44.560184,1365936037,0.0,10.821008,2266789708,1,"{""factory"":""electrical substations"",""industrial"":""factory""}",Fiorano Modenese,IT,47,41042,Via Sacco e Vanzetti,ELECO S.C.,POINT (10.82100772857666 44.560184478759766),node
37,44.559956,1365936039,0.0,10.820617,2266789768,1,"{""factory"":""metal_construction"",""industrial"":""factory""}",Fiorano Modenese,IT,45,41042,Via Sacco e Vanzetti,PSA stampi snc,POINT (10.820616722106934 44.55995559692383),node
38,44.558853,1365958403,0.0,10.8211,2267227749,1,"{""factory"":""mineral"",""industrial"":""factory""}",Fiorano Modenese,IT,48,41042,Via Sacco e Vanzetti,META spa,POINT (10.821100234985352 44.55885314941406),node
39,44.559883,1365961236,0.0,10.819662,2267285392,1,"{""factory"":""automation"",""industrial"":""factory""}",Fiorano Modenese,IT,43a,41042,Via della Stazione,OREGON ceramic service srl,POINT (10.819662094116211 44.55988311767578),node
40,44.55283,1366040083,0.0,10.818999,2268363911,1,"{""factory"":""automation"",""industrial"":""factory""}",Fiorano Modenese,IT,13,41042,Via Sacco e Vanzetti,Officine SMAC spa,POINT (10.818999290466309 44.55282974243164),node
41,44.55153,1366043738,0.0,10.820607,2268417430,1,"{""factory"":""dressmaker"",""industrial"":""factory""}",Fiorano Modenese,IT,1,41042,Via Sacco e Vanzetti,Messori Italia srl,POINT (10.82060718536377 44.55152893066406),node
42,44.55258,1366094277,0.0,10.819618,2269077988,1,"{""factory"":""metal_construction"",""industrial"":""factory""}",Fiorano Modenese,IT,9,41042,Via Sacco e Vanzetti,NOVA DEC - DIESEL ENGINES COMPONENTS SRL,POINT (10.819618225097656 44.552581787109375),node
43,44.55808,1366180543,0.0,10.821082,2269209907,3,"{""factory"":""metal_construction"",""industrial"":""factory""}",Fiorano Modenese,IT,59,41042,Via Marzabotto,Arthek Srl,POINT (10.82108211517334 44.55807876586914),node
44,44.558113,1366180544,0.0,10.82095,2269209937,3,"{""factory"":""electrical substations"",""industrial"":""factory""}",Fiorano Modenese,IT,73,41042,Via Marzabotto,Sew Elettric Srl,POINT (10.82094955444336 44.55811309814453),node
45,44.558006,1366184586,0.0,10.822644,2270278036,2,"{""factory"":""automation"",""industrial"":""factory""}",Fiorano Modenese,IT,20,41042,Via Marzabotto,Proget engeneering srl,POINT (10.822644233703613 44.558006286621094),node
46,44.5575,1366184538,0.0,10.824518,2270326866,1,"{""factory"":""serigraphics"",""industrial"":""factory"",""source"":""Regione Emilia Romagna""}",Fiorano Modenese,IT,14,41042,Via Marzabotto,SRS spa,POINT (10.824518203735352 44.557498931884766),node
47,44.55833,1366276957,0.0,10.824629,2270508119,2,"{""factory"":""automation"",""industrial"":""factory""}",Fiorano Modenese,IT,34,41042,Via Monchio,Tecno Pro Engineering S.r.l.,POINT (10.824628829956055 44.55833053588867),node
48,44.558544,1366276956,0.0,10.82474,2270508120,2,"{""factory"":""automation"",""industrial"":""factory""}",Fiorano Modenese,IT,36,41042,Via Monchio,G4 S.r.l.,POINT (10.824740409851074 44.55854415893555),node
49,44.558735,1380088992,0.0,10.824165,2271446036,3,"{""factory"":""tile"",""industrial"":""factory""}",Fiorano Modenese,IT,3a,41042,Via Monchio,Domus S.r.l. ; TIC srl,POINT (10.824165344238281 44.55873489379883),node
50,44.559196,1366276928,0.0,10.824458,2271446105,1,"{""factory"":""metal_construction"",""industrial"":""factory""}",Fiorano Modenese,IT,7,41042,Via Monchio,Orizzonte S.r.l.,POINT (10.824458122253418 44.55919647216797),node
51,44.55809,1366280647,0.0,10.825988,2271519914,1,"{""factory"":""automation"",""industrial"":""factory""}",Fiorano Modenese,IT,38,41042,Via Monchio,AssoPrint spa,POINT (10.825987815856934 44.55809020996094),node
52,44.55676,1366281673,0.0,10.824559,2271539257,1,"{""factory"":""automation"",""industrial"":""factory""}",Fiorano Modenese,IT,99,41042,Via Ghiarola Vecchia,Digital design srl,POINT (10.824559211730957 44.556758880615234),node
53,44.556927,1366281673,0.0,10.824735,2271539271,1,"{""factory"":""automation"",""industrial"":""factory""}",Fiorano Modenese,IT,101,41042,Via Ghiarola Vecchia,Projecta engeneering srl,POINT (10.824734687805176 44.55692672729492),node
54,44.555176,1366312376,0.0,10.823354,2271962174,1,"{""factory"":""automation"",""industrial"":""factory""}",Fiorano Modenese,IT,73,41042,Via Ghiarola Vecchia,System spa,POINT (10.82335376739502 44.55517578125),node
55,44.55607,1366312376,0.0,10.823659,2271962175,1,"{""factory"":""automation"",""industrial"":""factory""}",Fiorano Modenese,IT,91,41042,Via Ghiarola Vecchia,TecnoFerrari spa,POINT (10.82365894317627 44.556068420410156),node
56,44.54858,1366371473,0.0,10.818704,2272563709,1,"{""factory"":""design"",""industrial"":""factory""}",Fiorano Modenese,IT,53e,41042,Via Ghiarola Vecchia,Diade srl,POINT (10.818703651428223 44.548580169677734),node
57,44.54796,1366627138,0.0,10.81694,2276808043,1,"{""factory"":""metal_construction"",""industrial"":""factory""}",Fiorano Modenese,IT,49a,41042,Via Ghiarola Vecchia,Gigaimpianti srl,POINT (10.816940307617188 44.54795837402344),node
58,44.54718,1366627138,0.0,10.816951,2276808054,1,"{""factory"":""automation"",""industrial"":""factory""}",Fiorano Modenese,IT,39,41042,Via Ghiarola Vecchia,KL srl,POINT (10.816950798034668 44.54718017578125),node
59,44.547607,1366627140,0.0,10.816935,2276808060,1,"{""factory"":""metal_construction"",""industrial"":""factory""}",Fiorano Modenese,IT,49,41042,Via Ghiarola Vecchia,So.Ge.Pi. srl,POINT (10.816934585571289 44.547607421875),node
60,44.546635,1380126228,0.0,10.816744,2276808061,2,"{""factory"":""automation"",""industrial"":""factory""}",Fiorano Modenese,IT,35a,41042,Via Ghiarola Vecchia,Tecnopress srl,POINT (10.816743850708008 44.546634674072266),node
61,44.549397,1366791107,0.0,10.818158,2279214749,1,"{""factory"":""metal_construction"",""industrial"":""factory""}",Fiorano Modenese,IT,39,41042,Via Ghiarola Vecchia,Officina Mitor Srl,POINT (10.818158149719238 44.54939651489258),node
62,44.54954,1366791108,0.0,10.818603,2279214750,1,"{""factory"":""ceramics"",""industrial"":""factory""}",Fiorano Modenese,IT,17,41042,Via Paolo Monelli,Studio Ars snc,POINT (10.818602561950684 44.54954147338867),node
63,44.550632,1366987169,0.0,10.819774,2282167254,1,"{""factory"":""automation"",""industrial"":""factory""}",Fiorano Modenese,IT,86,41042,Via Paolo Monelli,Ghi.Tech. srl,POINT (10.81977367401123 44.55063247680664),node
64,44.545303,1376131493,0.0,10.807578,2412946190,1,"{""entrance"":""yes"",""factory"":""tile"",""industrial"":""factory""}",Fiorano Modenese,IT,46,41042,Via Braida,Emil Ceramica - Stabilimento di Fiorano 1,POINT (10.807578086853027 44.54530334472656),node
65,44.545662,1376140596,0.0,10.811642,2413212802,1,"{""factory"":""wood display, metal display, showrooms"",""industrial"":""factory""}",Fiorano Modenese,IT,18,41042,Via Ghiarola Nuova,Polcart spa,POINT (10.811641693115234 44.54566192626953),node
66,44.552128,1380109122,0.0,10.819989,2470999113,1,"{""factory"":""metal_construction"",""industrial"":""factory""}",Fiorano Modenese,IT,7,41042,Via Sacco e Vanzetti,Calcagnoli Srl,POINT (10.819989204406738 44.552127838134766),node
67,44.54917,1380119413,0.0,10.817847,2471159874,1,"{""factory"":""metal_construction"",""industrial"":""factory""}",Fiorano Modenese,IT,53i,41042,Via Ghiarola Vecchia,Officina meccanica F.lli Vandelli Srl,POINT (10.81784725189209 44.549171447753906),node
68,44.538498,1380272561,0.0,10.82988,2473258558,1,"{""factory"":""tile"",""industrial"":""factory""}",Fiorano Modenese,IT,118,41042,Via Ferrari Carazzoli,Ceramica Marazzi,POINT (10.829879760742188 44.53849792480469),node
69,44.53659,1394199645,0.0,10.831641,2476236265,3,"{""factory"":""artistic tile"",""industrial"":""factory""}",Fiorano Modenese,IT,70,41042,Via Ferrari Carazzoli,Il Colibr√¨ di Fabrizi & C. Snc,POINT (10.83164119720459 44.536590576171875),node
70,44.54166,1381046170,0.0,10.835701,2484686899,1,"{""factory"":""poolish tile"",""industrial"":""factory""}",Fiorano Modenese,IT,60,41042,Via del Crociale,GMC levigatura,POINT (10.835700988769531 44.54166030883789),node
71,44.536232,1381675641,0.0,10.832387,2495043070,1,"{""factory"":""metal_construction"",""industrial"":""factory""}",Fiorano Modenese,IT,23,41042,Circonvallazione San Giovanni Evangelista I tronco,Dierre Srl,POINT (10.83238697052002 44.536231994628906),node
72,44.535896,1382250431,0.0,10.836404,2502430219,1,"{""factory"":""metal_construction"",""industrial"":""factory""}",Fiorano Modenese,IT,8,41042,Via del Crociale,GE.SA. S.r.l.,POINT (10.836403846740723 44.53589630126953),node
73,,1364966816,,,186643950,2,"{""building"":""industrial"",""factory"":""tile"",""industrial"":""factory"",""source"":""Regione Emilia Romagna""}",,,,,,Emil Ceramica,"POLYGON ((10.8067487 44.5477913, 10.8067674 44.5483954, 10.8075069 44.5483837, 10.8075084 44.5482965, 10.8074789 44.5477082, 10.807478 44.5476558, 10.8071072 44.5476623, 10.8071103 44.5477609, 10.8068022 44.5477658, 10.806803 44.5477904, 10.8067487 44.5477913))",way
74,,1365331726,,,186643972,2,"{""building"":""industrial"",""building:level"":""1"",""factory"":""tile"",""industrial"":""factory"",""source"":""Regione Emilia Romagna""}",,,,,,Savoia Italia,"POLYGON ((10.8075318 44.5522586, 10.8076433 44.5526539, 10.8079396 44.5526112, 10.8080505 44.5525952, 10.8081802 44.5525765, 10.8082007 44.5526491, 10.8083389 44.5526292, 10.8083088 44.5525229, 10.8081807 44.5525413, 10.8080817 44.5521793, 10.8075318 44.5522586))",way
75,,1366312438,,,186643980,2,"{""building"":""industrial"",""building:level"":""1"",""factory"":""automation"",""industrial"":""factory"",""source"":""Regione Emilia Romagna""}",,,,,,System spa,"POLYGON ((10.8213746 44.5546863, 10.8213818 44.5546953, 10.821751 44.5551564, 10.8218805 44.5553192, 10.821941 44.5553942, 10.8220668 44.5553427, 10.8220636 44.5553388, 10.8220071 44.5552677, 10.8218769 44.5551049, 10.8215003 44.5546349, 10.8213746 44.5546863))",way
76,,1380035511,,,186644021,3,"{""building"":""office"",""building:level"":""3"",""factory"":""automation"",""industrial"":""factory"",""source"":""Regione Emilia Romagna""}",,,,,,System spa,"POLYGON ((10.8226622 44.5545281, 10.8231603 44.5551393, 10.8232509 44.5552504, 10.8233036 44.5552284, 10.8232844 44.5552049, 10.823354 44.5551759, 10.8234297 44.5551444, 10.8234454 44.5551636, 10.8234688 44.5551538, 10.8234962 44.5551424, 10.8234339 44.555066, 10.822911 44.5544244, 10.8226622 44.5545281))",way
77,,1400635043,,,186644060,3,"{""building"":""industrial"",""factory"":""refractories"",""industrial"":""factory"",""source"":""Regione Emilia Romagna""}",,,,,,Calderys Italia Srl,"POLYGON ((10.8203253 44.5616968, 10.8204289 44.5619402, 10.8206273 44.5624059, 10.8206523 44.5624646, 10.8215371 44.5622716, 10.8214084 44.5619692, 10.8213537 44.5618407, 10.8212138 44.5618713, 10.8210806 44.5619003, 10.8206947 44.5619846, 10.8205512 44.5616476, 10.8203253 44.5616968))",way
78,,1376121677,,,186644073,2,"{""building"":""industrial"",""building:level"":""1"",""factory"":""metal_construction"",""industrial"":""factory"",""source"":""Regione Emilia Romagna""}",,,,,,IMAS srl,"POLYGON ((10.8039934 44.5450947, 10.8039396 44.5450979, 10.8039624 44.5452941, 10.8037503 44.5453066, 10.8038017 44.5457476, 10.8040298 44.5457341, 10.8044838 44.5457073, 10.8044768 44.5456471, 10.8044096 44.5450701, 10.8039934 44.5450947))",way
79,,1564480541,,,186644075,5,"{""building"":""industrial"",""building:level"":""1"",""factory"":""tile"",""industrial"":""factory"",""source"":""Regione Emilia Romagna""}",,,,,,Ceramica Marazzi,"POLYGON ((10.8299688 44.5382164, 10.8300547 44.5385537, 10.8297412 44.538595, 10.8298939 44.5392414, 10.8300058 44.5392155, 10.8301102 44.5395384, 10.8302877 44.5395164, 10.8303257 44.5396347, 10.8306318 44.5395954, 10.8306432 44.5396411, 10.8307437 44.5396283, 10.8307317 44.5395802, 10.8310337 44.5395418, 10.8310448 44.5395866, 10.8311719 44.5395704, 10.831161 44.5395266, 10.8314107 44.5394948, 10.8314203 44.5395332, 10.8315204 44.5395205, 10.831515 44.539499, 10.8316796 44.539478, 10.8316867 44.5395065, 10.8318029 44.5394918, 10.8317929 44.5394514, 10.8318301 44.5394467, 10.8318397 44.539485, 10.8319291 44.5394736, 10.8319177 44.539428, 10.8319647 44.539422, 10.8319876 44.5395141, 10.8314289 44.5395852, 10.8314216 44.5395556, 10.8311936 44.5395846, 10.8312013 44.5396153, 10.8305912 44.5396928, 10.8302739 44.5397331, 10.8302952 44.5398189, 10.8303494 44.539812, 10.8306996 44.5412213, 10.8317541 44.5410872, 10.831617 44.5405354, 10.831711 44.5405235, 10.8316848 44.5404182, 10.8315447 44.5404361, 10.8315323 44.5403862, 10.8319295 44.5403357, 10.831973 44.5405106, 10.8321193 44.5404921, 10.8321533 44.5406291, 10.8318272 44.5406705, 10.8318815 44.5408891, 10.8318168 44.5408973, 10.8318355 44.5409724, 10.8318988 44.5409644, 10.8320254 44.541474, 10.8322758 44.5414422, 10.8322842 44.5414762, 10.8331553 44.5413655, 10.8330818 44.5410698, 10.8329707 44.5410839, 10.8329338 44.5409356, 10.83289 44.5407591, 10.8328822 44.5407279, 10.8330093 44.5407117, 10.8329916 44.540631, 10.8329513 44.540498, 10.83302 44.5404873, 10.8328819 44.5399316, 10.8330165 44.5399144, 10.8329447 44.5396256, 10.8327986 44.5396441, 10.832651 44.5390348, 10.8328469 44.5390153, 10.8328142 44.5388528, 10.8325578 44.5388748, 10.8325378 44.5388003, 10.8326329 44.5387774, 10.832519 44.5383191, 10.8324719 44.538325, 10.8324637 44.5382919, 10.8326881 44.5382634, 10.8326814 44.5382458, 10.8326248 44.5380289, 10.8327287 44.538015, 10.8330326 44.5379764, 10.832912 44.5374911, 10.8322153 44.5375797, 10.8322226 44.5376628, 10.8305318 44.5379025, 10.8305941 44.5381415, 10.8299688 44.5382164))",way
80,,1380109126,,,186644098,3,"{""building"":""industrial"",""building:level"":""1"",""factory"":""automation"",""industrial"":""factory"",""source"":""Regione Emilia Romagna""}",,,,,,System spa,"POLYGON ((10.8208029 44.5549319, 10.8209166 44.5550739, 10.8213062 44.5555608, 10.8213622 44.5556307, 10.8214863 44.5555799, 10.8217281 44.5554809, 10.8217952 44.5555642, 10.8218855 44.5555273, 10.8220074 44.5554775, 10.821941 44.5553942, 10.8218805 44.5553192, 10.821751 44.5551564, 10.8213818 44.5546953, 10.8208029 44.5549319))",way
81,,1381216607,,,186644102,2,"{""building"":""industrial"",""building:level"":""1"",""factory"":""ceramic paint"",""industrial"":""factory"",""source"":""Regione Emilia Romagna""}",,,,,,Smaltochimica,"POLYGON ((10.8357188 44.540246, 10.8360951 44.5402419, 10.8361739 44.5402411, 10.8361707 44.5400878, 10.8361701 44.5400619, 10.836246 44.540061, 10.8362419 44.5398666, 10.835711 44.5398723, 10.835585 44.5398737, 10.8355928 44.5402473, 10.8356595 44.5402466, 10.8357188 44.540246))",way
82,,1365331725,,,186644123,3,"{""building"":""industrial"",""building:level"":""1"",""factory"":""tile"",""industrial"":""factory"",""source"":""Regione Emilia Romagna""}",,,,,,Emil Ceramica,"POLYGON ((10.8074789 44.5477082, 10.8075084 44.5482965, 10.808783 44.5482636, 10.8098503 44.548236, 10.8098429 44.548092, 10.8103143 44.5480798, 10.8103067 44.5479303, 10.8103066 44.5479276, 10.8102891 44.5475765, 10.8086434 44.5476184, 10.8078412 44.5476391, 10.8078443 44.5476989, 10.8074789 44.5477082))",way
83,,1381216607,,,186644168,2,"{""building"":""industrial"",""building:level"":""1"",""factory"":""ceramic paint"",""industrial"":""factory"",""source"":""Regione Emilia Romagna""}",,,,,,Smaltochimica,"POLYGON ((10.8356816 44.5393442, 10.8356881 44.5394079, 10.8361367 44.5393845, 10.8364434 44.5393684, 10.8364229 44.5391682, 10.8364201 44.5391401, 10.8357292 44.5391762, 10.8357324 44.5392083, 10.8355308 44.5392188, 10.8355352 44.5392617, 10.835558 44.5392606, 10.8355627 44.5393072, 10.8355671 44.5393502, 10.8356816 44.5393442))",way
84,,1364966817,,,186644196,2,"{""building"":""industrial"",""factory"":""tile"",""industrial"":""factory"",""source"":""Regione Emilia Romagna""}",,,,,,Emil Ceramica,"POLYGON ((10.808554 44.5463619, 10.8087711 44.5463638, 10.808805 44.5463641, 10.8088053 44.546372, 10.808831 44.5463723, 10.8090123 44.5463744, 10.8090107 44.5464256, 10.8091256 44.5464266, 10.8091271 44.5463495, 10.8091641 44.54635, 10.8091685 44.5461339, 10.8085593 44.5461272, 10.808554 44.5463619))",way
85,,1365331727,,,186644212,2,"{""building"":""industrial"",""building:level"":""1"",""factory"":""tile"",""industrial"":""factory"",""source"":""Regione Emilia Romagna""}",,,,,,Savoia Italia,"POLYGON ((10.8080534 44.5520755, 10.8080817 44.5521793, 10.8081807 44.5525413, 10.8083088 44.5525229, 10.8082539 44.5523289, 10.8087541 44.552257, 10.8087423 44.5522153, 10.8086074 44.5522347, 10.8085767 44.5521261, 10.8086662 44.5521132, 10.8086305 44.5519871, 10.8083711 44.5520269, 10.8080534 44.5520755))",way
86,,1381216607,,,186644217,2,"{""building"":""industrial"",""building:level"":""1"",""factory"":""ceramic paint"",""industrial"":""factory"",""source"":""Regione Emilia Romagna""}",,,,,,Smaltochimica,"POLYGON ((10.8364229 44.5391682, 10.8364434 44.5393684, 10.8361367 44.5393845, 10.8361516 44.5395379, 10.8361529 44.5395511, 10.8357507 44.5395711, 10.8357556 44.5396209, 10.8364775 44.5395851, 10.8364845 44.5396759, 10.8366684 44.5396668, 10.8366542 44.5395203, 10.8366392 44.5393658, 10.8366971 44.5393651, 10.836695 44.5392834, 10.8366919 44.5391646, 10.8364229 44.5391682))",way
87,,1366094286,,,186644303,3,"{""building"":""industrial"",""building:level"":""1"",""factory"":""automation"",""industrial"":""factory"",""source"":""Regione Emilia Romagna""}",,,,,,DEF spa,"POLYGON ((10.8184005 44.5529199, 10.8182695 44.5526523, 10.8183226 44.552639, 10.8182317 44.5524531, 10.8182488 44.5524488, 10.8181461 44.5522388, 10.8180805 44.5522552, 10.8179958 44.5520819, 10.8176091 44.5521786, 10.8176637 44.5522904, 10.81764 44.5522963, 10.8176703 44.5524195, 10.8176402 44.5524253, 10.8176605 44.5525908, 10.8178845 44.5530489, 10.8184005 44.5529199))",way
88,,1380088370,,,186644307,5,"{""building"":""office"",""building:level"":""2"",""factory"":""serigraphics"",""industrial"":""factory"",""source"":""Regione Emilia Romagna""}",,,,,,SRS spa,"POLYGON ((10.8252765 44.5574904, 10.8251484 44.5575235, 10.825101 44.5574358, 10.8250381 44.5574522, 10.824318 44.5576394, 10.8242775 44.5575616, 10.8245182 44.5574976, 10.8246427 44.5574645, 10.8247738 44.5574297, 10.8249553 44.5573815, 10.8250211 44.557364, 10.8250472 44.5574142, 10.8251251 44.557393, 10.8251847 44.5574131, 10.8252406 44.557432, 10.8252765 44.5574904))",way
89,,1356440403,,,186644350,2,"{""building"":""industrial"",""factory"":""metal_construction"",""industrial"":""factory"",""source"":""Regione Emilia Romagna""}",,,,,,,"POLYGON ((10.8090591 44.5452438, 10.8090416 44.5452445, 10.8088343 44.5452525, 10.808841 44.5453401, 10.8088614 44.5453392, 10.8088656 44.5453994, 10.8088868 44.5453985, 10.8088907 44.5454507, 10.808895 44.5455086, 10.8091293 44.5454997, 10.8092633 44.5454947, 10.8093028 44.5454932, 10.8092997 44.5454527, 10.8092969 44.5454163, 10.8092831 44.5452363, 10.8090591 44.5452438))",way
90,,1394199641,,,186644354,3,"{""building"":""office"",""building:level"":""4"",""factory"":""tile"",""industrial"":""factory"",""source"":""Regione Emilia Romagna""}",,,,,,Ceramiche Piemme Spa,"POLYGON ((10.8354505 44.5372203, 10.8354582 44.5372578, 10.8356471 44.5372407, 10.8358528 44.5371541, 10.8358365 44.5371318, 10.8359788 44.5370785, 10.8360781 44.5372143, 10.8362192 44.5371615, 10.8362287 44.5371745, 10.8363128 44.537143, 10.8361416 44.5369089, 10.8360814 44.5369314, 10.8360725 44.5369192, 10.8359373 44.5369697, 10.8359281 44.5369571, 10.8356927 44.5370452, 10.8357062 44.5370761, 10.8354505 44.5372203))",way
91,,1380109126,,,186644356,5,"{""building"":""industrial"",""building:level"":""1"",""factory"":""automation"",""industrial"":""factory"",""source"":""Regione Emilia Romagna""}",,,,,,System spa,"POLYGON ((10.8215003 44.5546349, 10.8218769 44.5551049, 10.8220071 44.5552677, 10.8220636 44.5553388, 10.8221903 44.5552872, 10.822255 44.555368, 10.8222869 44.5554078, 10.8221587 44.5554599, 10.8222201 44.5555366, 10.8224081 44.5554599, 10.82235 44.5553857, 10.8223387 44.5553718, 10.8223158 44.5553436, 10.8222902 44.5553121, 10.8223362 44.5552932, 10.8225404 44.5552096, 10.8225592 44.555233, 10.8226983 44.5551762, 10.8226467 44.5551117, 10.8228643 44.5550227, 10.8222943 44.55431, 10.8215003 44.5546349))",way
92,,1366184581,,,186644363,3,"{""building"":""industrial"",""building:level"":""1"",""factory"":""mineral"",""industrial"":""factory"",""source"":""Regione Emilia Romagna""}",,,,,,META spa,"POLYGON ((10.8212587 44.5584425, 10.8216934 44.5583253, 10.8219777 44.5582486, 10.8224947 44.5592215, 10.8223703 44.5592551, 10.8223971 44.5593056, 10.8223195 44.5593266, 10.8222934 44.5592775, 10.8219814 44.5593617, 10.8218275 44.5590721, 10.8217264 44.5590994, 10.8215838 44.5588309, 10.8212099 44.5589318, 10.82111 44.5587438, 10.8209887 44.5585154, 10.8212587 44.5584425))",way
93,,1394199641,,,186644394,3,"{""building"":""industrial"",""building:level"":""1"",""factory"":""tile"",""industrial"":""factory"",""source"":""Regione Emilia Romagna""}",,,,,,Ceramiche Piemme S.p.a.,"POLYGON ((10.8354181 44.5382174, 10.835476 44.5385533, 10.8356492 44.538538, 10.8356601 44.5386013, 10.8357389 44.5390582, 10.8373838 44.5389131, 10.8373448 44.5386867, 10.8374298 44.5386792, 10.8374107 44.5385684, 10.8373246 44.538576, 10.8372889 44.5383688, 10.8373745 44.5383612, 10.8373011 44.5379358, 10.837458 44.5379219, 10.8374123 44.5376567, 10.8375999 44.5376402, 10.8375276 44.537221, 10.83734 44.5372375, 10.8366256 44.5373006, 10.8354708 44.5374025, 10.8356084 44.5382007, 10.8354181 44.5382174))",way
94,,1376140598,,,186644399,4,"{""building"":""industrial"",""factory"":""wood display, metal display, showrooms"",""industrial"":""factory"",""source"":""Regione Emilia Romagna""}",,,,,,Polcart spa,"POLYGON ((10.8115959 44.5454552, 10.8116032 44.5454885, 10.8116416 44.5456634, 10.8116578 44.545737, 10.8117356 44.5457289, 10.811765 44.5458734, 10.8116894 44.5458813, 10.8116998 44.5459287, 10.8117231 44.5460348, 10.8136074 44.5458232, 10.8135577 44.5455969, 10.8136604 44.5455854, 10.8135946 44.5452856, 10.8134846 44.545298, 10.8134709 44.5452356, 10.8130132 44.545287, 10.8129993 44.5452238, 10.8127397 44.5452529, 10.8127519 44.5453083, 10.8124628 44.5453408, 10.8124594 44.5453254, 10.8122111 44.5453533, 10.8122181 44.5453854, 10.8115959 44.5454552))",way
95,,1365099497,,,186644437,2,"{""building"":""industrial"",""factory"":""tile"",""industrial"":""factory"",""source"":""Regione Emilia Romagna""}",,,,,,FAP Ceramiche,"POLYGON ((10.8118554 44.5481227, 10.8121004 44.5495329, 10.8128455 44.5494568, 10.8131169 44.5494296, 10.813544 44.5493868, 10.8136863 44.5493725, 10.8138237 44.5493587, 10.814351 44.5493058, 10.8143014 44.5490494, 10.814096 44.5478847, 10.8139262 44.5478998, 10.8138355 44.5479079, 10.8138278 44.547863, 10.8135854 44.5478855, 10.8135959 44.5479432, 10.8133393 44.5479664, 10.8133574 44.548068, 10.8132256 44.5480802, 10.8130172 44.548099, 10.8123476 44.5481594, 10.8123314 44.5481609, 10.8123228 44.5481123, 10.8123169 44.5480791, 10.812119 44.5480955, 10.8118554 44.5481227))",way
96,,1365429842,,,186644446,2,"{""building"":""industrial"",""building:level"":""1"",""factory"":""brick"",""industrial"":""factory"",""source"":""Regione Emilia Romagna""}",,,,,,Forrnace Sila,"POLYGON ((10.8110827 44.5538357, 10.8112013 44.5540319, 10.8113002 44.5540013, 10.8113837 44.5539756, 10.8114175 44.5540313, 10.8114401 44.5540686, 10.8114917 44.5541336, 10.8115332 44.5542027, 10.8120554 44.5540414, 10.8120814 44.554095, 10.8119076 44.554149, 10.8119715 44.5542554, 10.8128156 44.5539945, 10.8127103 44.5538206, 10.8135427 44.5535637, 10.8136024 44.5536629, 10.8137474 44.5536184, 10.8137216 44.5535744, 10.814766 44.5532517, 10.814596 44.5529703, 10.8136833 44.5532526, 10.8135705 44.5530665, 10.8135107 44.553085, 10.8133138 44.5531459, 10.8110827 44.5538357))",way
97,,1376148520,,,186644453,4,"{""building"":""industrial"",""building:level"":""1"",""factory"":""tile"",""industrial"":""factory"",""source"":""Regione Emilia Romagna""}",,,,,,Riwal ceramica spa,"POLYGON ((10.8109258 44.5571621, 10.8107767 44.5571837, 10.8106431 44.5567143, 10.8107922 44.5566927, 10.8107331 44.5564852, 10.8106642 44.5562432, 10.8105826 44.5559567, 10.8086764 44.5562322, 10.8088469 44.5568314, 10.8088778 44.5569397, 10.8088863 44.5569697, 10.8086641 44.5570018, 10.8086937 44.5571056, 10.8086638 44.55711, 10.8087147 44.5572889, 10.8102002 44.5570742, 10.8102983 44.5574186, 10.8088075 44.5576341, 10.8088599 44.5578179, 10.8110235 44.5575051, 10.8109601 44.5572826, 10.8109258 44.5571621))",way
98,,1376148520,,,186644457,3,"{""building"":""industrial"",""building:level"":""1"",""disused"":""yes"",""factory"":""tile"",""industrial"":""factory"",""source"":""Regione Emilia Romagna""}",,,,,,KEREX srl,"POLYGON ((10.8117091 44.5578236, 10.8117372 44.5579098, 10.8117595 44.5579061, 10.8117661 44.5579264, 10.8118059 44.5579197, 10.8118118 44.5579379, 10.8118858 44.5579256, 10.8120243 44.5583166, 10.8126401 44.5582138, 10.8126237 44.5581635, 10.8128281 44.5581294, 10.8131496 44.5580757, 10.8131619 44.5581132, 10.8142168 44.5579372, 10.8140622 44.5574636, 10.8134534 44.5575652, 10.8134632 44.5575953, 10.8132087 44.5576378, 10.8131813 44.5575539, 10.8133217 44.5575305, 10.8133088 44.557491, 10.8119469 44.5577183, 10.8119579 44.5577518, 10.8118411 44.5577713, 10.8118505 44.5578, 10.8117626 44.5578147, 10.8117091 44.5578236))",way
99,,1365672589,,,186644459,2,"{""building"":""industrial"",""building:level"":""1"",""factory"":""tile"",""industrial"":""factory"",""source"":""Regione Emilia Romagna""}",,,,,,Laminam spa,"POLYGON ((10.814792 44.5650447, 10.8156519 44.5664738, 10.8161848 44.5663111, 10.816149 44.5662516, 10.8162932 44.5662075, 10.8163167 44.5662466, 10.8167857 44.5661034, 10.8167272 44.5660062, 10.8166954 44.5659533, 10.8165784 44.5657588, 10.8165489 44.5657098, 10.8168152 44.5656285, 10.8168525 44.5656904, 10.8169292 44.565818, 10.81701 44.5659523, 10.8178327 44.565701, 10.8172281 44.5646962, 10.8163971 44.56495, 10.8165605 44.5652215, 10.8162839 44.565306, 10.8159201 44.5647014, 10.8156335 44.5647889, 10.8154399 44.564848, 10.8154911 44.5649331, 10.8153234 44.5649843, 10.8152716 44.5648983, 10.814792 44.5650447))",way
100,,1365099497,,,186644478,2,"{""building"":""office"",""building:level"":""3"",""factory"":""tile"",""industrial"":""factory"",""source"":""Regione Emilia Romagna""}",,,,,,FAP Ceramiche,"POLYGON ((10.8117392 44.549231, 10.8117701 44.549249, 10.8117717 44.5493162, 10.8117017 44.5493897, 10.8116377 44.5493571, 10.8116102 44.5493432, 10.8114999 44.5492871, 10.8115772 44.5492234, 10.8116 44.5492046, 10.8116389 44.5491725, 10.8116636 44.5491869, 10.8117392 44.549231))",way
101,,1365355839,,,186644479,2,"{""building"":""industrial"",""building:level"":""1"",""factory"":""metal_construction"",""industrial"":""factory"",""source"":""Regione Emilia Romagna""}",,,,,,Lb Officine Meccaniche Spa,"POLYGON ((10.8161428 44.5513095, 10.8160826 44.5513225, 10.8158885 44.5513639, 10.8159437 44.5514963, 10.8157131 44.5515454, 10.8154308 44.5508531, 10.8154586 44.5508462, 10.8154326 44.5507785, 10.8154016 44.5507847, 10.8151518 44.5501381, 10.8160338 44.5499502, 10.8161086 44.5501299, 10.8161246 44.5501265, 10.8161428 44.55017, 10.816162 44.5501659, 10.8162681 44.5504207, 10.8162372 44.5504273, 10.8163085 44.5505982, 10.8162764 44.5506051, 10.8162994 44.5506603, 10.8163188 44.5506562, 10.816615 44.5513669, 10.8165507 44.5513806, 10.8163722 44.5514186, 10.8163133 44.5512774, 10.8161428 44.5513095))",way
102,,1365331727,,,186644480,2,"{""building"":""industrial"",""building:level"":""1"",""factory"":""tile"",""industrial"":""factory"",""source"":""Regione Emilia Romagna""}",,,,,,Savoia Italia,"POLYGON ((10.8104693 44.5527672, 10.8103111 44.5522083, 10.8104224 44.5521923, 10.8103739 44.5520211, 10.8103067 44.5520307, 10.8102535 44.551843, 10.8103585 44.5518279, 10.8103379 44.551755, 10.810233 44.5517701, 10.8102265 44.551747, 10.8098789 44.5517969, 10.8094666 44.5518562, 10.8090242 44.5519198, 10.8086276 44.5519768, 10.8086305 44.5519871, 10.8086662 44.5521132, 10.8085767 44.5521261, 10.8086074 44.5522347, 10.8087423 44.5522153, 10.8087541 44.552257, 10.8082539 44.5523289, 10.8083088 44.5525229, 10.8083389 44.5526292, 10.8084459 44.5530073, 10.8087705 44.5529606, 10.8087829 44.5530045, 10.8098501 44.5528512, 10.8098588 44.5528818, 10.8100442 44.5528551, 10.8100369 44.5528294, 10.8104693 44.5527672))",way
103,,1376131494,,,186644482,6,"{""building"":""industrial"",""building:level"":""1"",""factory"":""tile"",""industrial"":""factory"",""source"":""Regione Emilia Romagna""}",,,,,,Emil Ceramica,"POLYGON ((10.8055256 44.5455815, 10.8056395 44.5460222, 10.8056019 44.5460272, 10.8056505 44.5462151, 10.8056921 44.5462096, 10.8058351 44.5467629, 10.8056603 44.546786, 10.8056971 44.5469284, 10.8055761 44.5469444, 10.8056239 44.5471294, 10.8059758 44.5470829, 10.8060116 44.5472213, 10.8063195 44.5471806, 10.8062582 44.5469435, 10.8063815 44.5469272, 10.8064615 44.5469166, 10.8064738 44.5469643, 10.8067335 44.54693, 10.8067226 44.5468882, 10.8068579 44.5468703, 10.8068804 44.5468672, 10.8071209 44.5468353, 10.8072245 44.5468217, 10.8072908 44.546813, 10.8074179 44.5467963, 10.807387 44.5466721, 10.8073417 44.5464902, 10.807211 44.5459656, 10.8071551 44.5457408, 10.8071466 44.5457068, 10.8070647 44.5453939, 10.8070636 44.5453897, 10.8070607 44.5453783, 10.807001 44.5453862, 10.8068895 44.545401, 10.8068663 44.5454041, 10.8063147 44.5454771, 10.8062977 44.5454794, 10.8055256 44.5455815))",way
104,,1383549175,,,186644484,5,"{""building"":""industrial"",""building:level"":""1"",""factory"":""hardwood floors"",""industrial"":""factory"",""source"":""Regione Emilia Romagna""}",,,,,,Giacobazzi & C. Pavimenti in Legno,"POLYGON ((10.8154772 44.5609796, 10.8154666 44.5609614, 10.8154868 44.5609554, 10.8154672 44.5609219, 10.8154212 44.5609362, 10.8153924 44.5609452, 10.8152721 44.5609828, 10.8151075 44.5610342, 10.8150186 44.561062, 10.8148935 44.561101, 10.8147546 44.5611444, 10.8145867 44.5611968, 10.8144739 44.561232, 10.8146129 44.5614487, 10.8146596 44.5615285, 10.8147737 44.5614944, 10.8148202 44.5615738, 10.814957 44.5615329, 10.8149678 44.5615297, 10.815039 44.5616513, 10.8151779 44.5616098, 10.8153258 44.5615655, 10.8153528 44.5616116, 10.8156314 44.5615282, 10.8156229 44.5614697, 10.8157249 44.5614347, 10.8156655 44.5613463, 10.8154772 44.5609796))",way
105,,1394199641,,,186644486,4,"{""building"":""industrial"",""building:level"":""1"",""factory"":""tile"",""industrial"":""factory"",""source"":""Regione Emilia Romagna""}",,,,,,Ceramiche Settecento S.p.a.,"POLYGON ((10.8346838 44.5385535, 10.8349024 44.5385409, 10.8350827 44.5385308, 10.8350775 44.5384836, 10.8348975 44.5384937, 10.8348442 44.5380067, 10.834815 44.5377399, 10.834794 44.537741, 10.8347799 44.5376116, 10.8333867 44.5377025, 10.8333995 44.5378192, 10.8334043 44.537863, 10.8334356 44.5381486, 10.8333034 44.538156, 10.8333248 44.5383519, 10.8332943 44.5383536, 10.8333012 44.5384168, 10.8333289 44.5384152, 10.8333474 44.5385844, 10.8335364 44.5385738, 10.8336625 44.5385667, 10.8339684 44.5385496, 10.8343262 44.5385296, 10.8345928 44.5385146, 10.8345976 44.5385583, 10.8346838 44.5385535))",way
106,,1376140598,,,186644528,3,"{""building"":""industrial"",""factory"":""electric vibrators"",""industrial"":""factory"",""source"":""Regione Emilia Romagna""}",,,,,,Italvibras G. Silingardi Spa,"POLYGON ((10.8117665 44.5462351, 10.8119057 44.5468712, 10.8121912 44.5468395, 10.8122426 44.5468338, 10.8126148 44.5467924, 10.8126552 44.5467879, 10.8132466 44.5467222, 10.8136602 44.5466762, 10.813521 44.5460401, 10.8117665 44.5462351))",way
107,,1365076493,,,186644673,2,"{""building"":""industrial"",""factory"":""metal_construction"",""industrial"":""factory"",""source"":""Regione Emilia Romagna""}",,,,,,Cemic,"POLYGON ((10.8116499 44.5480592, 10.8118472 44.5480585, 10.8118464 44.5479626, 10.8116492 44.5479634, 10.8116499 44.5480592))",way
108,,1376121677,,,186644882,2,"{""building"":""industrial"",""building:level"":""1"",""factory"":""metal_construction"",""industrial"":""factory"",""source"":""Regione Emilia Romagna""}",,,,,,IMAS srl,"POLYGON ((10.8038468 44.5461272, 10.80386 44.5462394, 10.8045424 44.5461983, 10.8045292 44.546086, 10.8038468 44.5461272))",way
109,,1365099498,,,186644895,2,"{""building"":""industrial"",""factory"":""tile"",""industrial"":""factory"",""source"":""Regione Emilia Romagna""}",,,,,,FAP Ceramiche,"POLYGON ((10.8142772 44.5484471, 10.8143558 44.548904, 10.8148898 44.5488574, 10.8148111 44.5484005, 10.8142772 44.5484471))",way
110,,1380109126,,,186645053,3,"{""building"":""industrial"",""building:level"":""1"",""factory"":""automation"",""industrial"":""factory"",""source"":""Regione Emilia Romagna""}",,,,,,System spa,"POLYGON ((10.8199568 44.5539956, 10.8202199 44.5543249, 10.8218698 44.553651, 10.8216691 44.5533997, 10.8216068 44.5533217, 10.8199568 44.5539956))",way
111,,1366312441,,,186645080,3,"{""building"":""industrial"",""building:level"":""1"",""factory"":""automation"",""industrial"":""factory"",""source"":""Regione Emilia Romagna""}",,,,,,System spa,"POLYGON ((10.81829 44.5544735, 10.8189581 44.5553185, 10.8197652 44.5549922, 10.8190971 44.5541472, 10.81829 44.5544735))",way
112,,1380088371,,,186645275,3,"{""building"":""industrial"",""building:level"":""1"",""factory"":""design"",""industrial"":""factory"",""source"":""Regione Emilia Romagna""}",,,,,,TOSILAB spa,"POLYGON ((10.8222501 44.5572848, 10.8224782 44.5577075, 10.8234556 44.5574379, 10.8233356 44.5572155, 10.8232321 44.557014, 10.8230475 44.5570649, 10.8222501 44.5572848))",way
113,,1366094288,,,186645322,3,"{""building"":""industrial"",""building:level"":""1"",""factory"":""automation"",""industrial"":""factory"",""source"":""Regione Emilia Romagna""}",,,,,,Officina SMAC spa,"POLYGON ((10.8183 44.5519076, 10.8187908 44.5528844, 10.8189994 44.5528306, 10.8192303 44.5527711, 10.8187395 44.5517943, 10.8183 44.5519076))",way
114,,1376121677,,,186645394,2,"{""building"":""industrial"",""building:level"":""1"",""factory"":""metal_construction"",""industrial"":""factory"",""source"":""Regione Emilia Romagna""}",,,,,,IMAS srl,"POLYGON ((10.8037275 44.5451104, 10.8037503 44.5453066, 10.8039624 44.5452941, 10.8039396 44.5450979, 10.8037275 44.5451104))",way
115,,1376140599,,,186645477,3,"{""building"":""industrial"",""building:level"":""1"",""factory"":""automation"",""industrial"":""factory"",""source"":""Regione Emilia Romagna""}",,,,,,TSC spa,"POLYGON ((10.8127449 44.5509211, 10.8128544 44.5512527, 10.8130253 44.5512241, 10.8129158 44.5508924, 10.8128253 44.5509076, 10.8127449 44.5509211))",way
116,,1381675643,,,186645827,2,"{""building"":""industrial"",""building:level"":""1"",""factory"":""metal_construction"",""industrial"":""factory"",""source"":""Regione Emilia Romagna""}",,,,,,Dierre Srl,"POLYGON ((10.8318674 44.5356784, 10.8320096 44.5362772, 10.8323871 44.5362313, 10.8328035 44.5361807, 10.8326613 44.535582, 10.8318674 44.5356784))",way
117,,1366312441,,,186646117,2,"{""building"":""industrial"",""building:level"":""1"",""factory"":""automation"",""industrial"":""factory"",""source"":""Regione Emilia Romagna""}",,,,,,System spa,"POLYGON ((10.8203255 44.5544427, 10.8205839 44.5547633, 10.8222085 44.5540938, 10.8219501 44.5537732, 10.8203255 44.5544427))",way
118,,1381243531,,,186646305,3,"{""building"":""industrial"",""building:level"":""1"",""factory"":""tile"",""industrial"":""factory"",""source"":""Regione Emilia Romagna""}",,,,,,Puntoquattro spa,"POLYGON ((10.8335718 44.5399886, 10.8336073 44.5402948, 10.8348661 44.5402201, 10.8348306 44.5399139, 10.8335718 44.5399886))",way
119,,1365076494,,,186646331,5,"{""building"":""industrial"",""factory"":""tile"",""industrial"":""factory"",""source"":""Regione Emilia Romagna""}",,,,,,Emil Ceramica,"POLYGON ((10.8107114 44.5471332, 10.8109191 44.547135, 10.8109229 44.5469945, 10.8108899 44.5469944, 10.8108915 44.5469302, 10.810893 44.5468678, 10.8109049 44.5463894, 10.8106153 44.5463859, 10.8104729 44.5463848, 10.8103569 44.5463831, 10.8100109 44.5463777, 10.8098746 44.546377, 10.8098867 44.5459031, 10.8084448 44.5458848, 10.8084389 44.5461258, 10.8085593 44.5461272, 10.8091685 44.5461339, 10.8091641 44.54635, 10.8091271 44.5463495, 10.8091256 44.5464266, 10.8091406 44.5464286, 10.8091507 44.5466006, 10.8086424 44.5465996, 10.8086401 44.5469592, 10.8086624 44.5469656, 10.8086584 44.5470707, 10.8086541 44.5471864, 10.8086507 44.5472764, 10.8085744 44.5472752, 10.8079208 44.5472581, 10.8079181 44.5475018, 10.8086172 44.5474882, 10.810283 44.5474537, 10.8105551 44.547448, 10.8105601 44.5472579, 10.8105647 44.5471325, 10.8106314 44.5471336, 10.8107114 44.5471332))",way
120,,1365614580,,,186646335,2,"{""building"":""industrial"",""building:level"":""1"",""factory"":""tile"",""industrial"":""factory"",""source"":""Regione Emilia Romagna""}",,,,,,IRIS spa,"POLYGON ((10.8123457 44.5630688, 10.8120767 44.5631526, 10.8122891 44.5635127, 10.8125535 44.5634304, 10.8126665 44.5636189, 10.812944 44.5635325, 10.813157 44.5638935, 10.8120229 44.5642433, 10.8115591 44.5643864, 10.8112533 44.5644807, 10.8111337 44.5645176, 10.8110126 44.564555, 10.8109501 44.5644494, 10.810849 44.5642785, 10.8107331 44.5640826, 10.8104423 44.5635909, 10.8103065 44.5633614, 10.8100987 44.56301, 10.810039 44.5629092, 10.810075 44.5628984, 10.8103274 44.562822, 10.8107098 44.5627064, 10.8106935 44.5626789, 10.8107916 44.5626493, 10.8108063 44.5626741, 10.8108706 44.5626546, 10.8108505 44.5626206, 10.8110429 44.5625624, 10.8110648 44.5625995, 10.8121586 44.5622688, 10.8121838 44.5622612, 10.8125072 44.5628078, 10.8124369 44.5628291, 10.8124555 44.5628606, 10.8125202 44.5628411, 10.8125502 44.5628917, 10.8122879 44.562971, 10.8123457 44.5630688))",way
121,,1376159585,,,186646339,3,"{""building"":""industrial"",""building:level"":""1"",""factory"":""tile"",""industrial"":""factory"",""source"":""Regione Emilia Romagna""}",,,,,,Emil Ceramica,"POLYGON ((10.8070799 44.5502948, 10.8070971 44.5504678, 10.8071216 44.5504665, 10.8072073 44.5504622, 10.8072119 44.5505084, 10.8072236 44.5506264, 10.8072337 44.5507274, 10.8072363 44.5507545, 10.8072445 44.5508361, 10.8073476 44.5508309, 10.8074193 44.5508273, 10.8074329 44.5509635, 10.8074425 44.5510606, 10.8074664 44.5510594, 10.807512 44.5510571, 10.8077897 44.5510431, 10.807781 44.5509557, 10.8078757 44.5509509, 10.8079477 44.5516743, 10.807948 44.5516776, 10.8084986 44.5516498, 10.8086619 44.5516415, 10.8087508 44.5516371, 10.8089113 44.5516289, 10.8089557 44.5516267, 10.8090329 44.5516228, 10.809208 44.551614, 10.809407 44.5516039, 10.8102449 44.5515616, 10.8102101 44.5512113, 10.8101802 44.550911, 10.8101742 44.5508509, 10.8101519 44.5506264, 10.8101418 44.5505251, 10.8100991 44.5500957, 10.8100242 44.5500995, 10.8100165 44.5500225, 10.8094 44.5500536, 10.8094088 44.5501428, 10.8092302 44.5501518, 10.8092214 44.5500636, 10.8087577 44.550087, 10.8087675 44.5501848, 10.8085183 44.5501974, 10.8085086 44.5501006, 10.8078544 44.5501336, 10.8078599 44.5501888, 10.8077823 44.5501928, 10.8077986 44.5503562, 10.8078135 44.5505054, 10.807697 44.5505113, 10.8076821 44.5503622, 10.8076724 44.5502649, 10.8070799 44.5502948))",way
122,,1365439571,,,186646341,3,"{""building"":""industrial"",""building:level"":""1"",""factory"":""tile"",""industrial"":""factory"",""source"":""Regione Emilia Romagna""}",,,,,,Bayker Italia Spa,"POLYGON ((10.80863 44.5553538, 10.8103751 44.5551004, 10.810365 44.5550656, 10.8103416 44.5549857, 10.8101536 44.5543416, 10.8099889 44.554366, 10.809977 44.5543251, 10.8099423 44.5543303, 10.8099105 44.5542216, 10.8088231 44.5543828, 10.8086438 44.5544094, 10.8083958 44.5544461, 10.8083186 44.5544576, 10.8082211 44.554472, 10.8084345 44.5552029, 10.8085797 44.5551814, 10.80863 44.5553538))",way
123,,1365076494,,,186646474,2,"{""building"":""industrial"",""factory"":""metal_construction"",""industrial"":""factory"",""source"":""Regione Emilia Romagna""}",,,,,,Cemic,"POLYGON ((10.8113698 44.5480603, 10.8116499 44.5480592, 10.8116492 44.5479634, 10.8116471 44.5476913, 10.8115747 44.5476916, 10.8113671 44.5476924, 10.8113698 44.5480603))",way
124,,1400635043,,,186646520,3,"{""building"":""industrial"",""factory"":""refractories"",""industrial"":""factory"",""source"":""Regione Emilia Romagna""}",,,,,,Calderys Italia Srl,"POLYGON ((10.8207006 44.5616276, 10.8207916 44.5618368, 10.8214927 44.5616805, 10.821599 44.5616568, 10.821505 44.5614451, 10.8207006 44.5616276))",way
125,,1400635043,,,186646641,3,"{""building"":""industrial"",""factory"":""refractories"",""industrial"":""factory"",""source"":""Regione Emilia Romagna""}",,,,,,Calderys Italia Srl,"POLYGON ((10.8197079 44.5618355, 10.8198368 44.5621086, 10.8199426 44.5620828, 10.8201883 44.5620231, 10.8201773 44.5619999, 10.8200594 44.5617505, 10.8197079 44.5618355))",way
126,,1365334004,,,186646692,2,"{""building"":""industrial"",""building:level"":""1"",""factory"":""automation"",""industrial"":""factory"",""source"":""Regione Emilia Romagna""}",,,,,,TSC spa,"POLYGON ((10.8121911 44.5513446, 10.8123006 44.5516763, 10.8129579 44.5515661, 10.8129025 44.5513982, 10.8126972 44.5514326, 10.8126431 44.5512689, 10.8121911 44.5513446))",way
127,,1381216607,,,186646972,2,"{""building"":""industrial"",""building:level"":""1"",""factory"":""ceramic paint"",""industrial"":""factory"",""source"":""Regione Emilia Romagna""}",,,,,,Smaltochimica,"POLYGON ((10.8356591 44.5403134, 10.8360137 44.5403039, 10.8360982 44.5403016, 10.8360951 44.5402419, 10.8357188 44.540246, 10.8356595 44.5402466, 10.8356591 44.5403134))",way
128,,1366312442,,,186647128,2,"{""building"":""industrial"",""building:level"":""1"",""factory"":""automation"",""industrial"":""factory"",""source"":""Regione Emilia Romagna""}",,,,,,System spa,"POLYGON ((10.8191597 44.5555921, 10.8197282 44.5563038, 10.8205389 44.5559728, 10.8199704 44.555261, 10.81981 44.5553265, 10.8197358 44.5553568, 10.8191597 44.5555921))",way
129,,1381216608,,,186647190,2,"{""building"":""industrial"",""building:level"":""1"",""factory"":""ceramic paint"",""industrial"":""factory"",""source"":""Regione Emilia Romagna""}",,,,,,Smaltochimica,"POLYGON ((10.8355875 44.5396292, 10.8355944 44.5397293, 10.8355963 44.5397568, 10.8364881 44.5397216, 10.8364845 44.5396759, 10.8364775 44.5395851, 10.8357556 44.5396209, 10.8356724 44.539625, 10.8355875 44.5396292))",way
130,,1502970251,,,186647260,3,"{""building"":""industrial"",""building:level"":""1"",""factory"":""metal_construction"",""industrial"":""factory""}",Fiorano Modenese,,9/11,41042,Via Sacco e Vanzetti,NOVA DEC Diesel Engines Components srl,"POLYGON ((10.8189302 44.5517518, 10.8190994 44.5520948, 10.8191221 44.5521408, 10.8193711 44.5526456, 10.8196184 44.5525829, 10.8197381 44.5525525, 10.8192971 44.5516588, 10.8189302 44.5517518))",way
131,,1381216608,,,186647348,2,"{""building"":""industrial"",""building:level"":""1"",""factory"":""ceramic paint"",""industrial"":""factory"",""source"":""Regione Emilia Romagna""}",,,,,,Smaltochimica,"POLYGON ((10.8355116 44.5403174, 10.8355274 44.5406198, 10.8359811 44.5406076, 10.835973 44.5404535, 10.8360215 44.5404522, 10.8360137 44.5403039, 10.8356591 44.5403134, 10.8355116 44.5403174))",way
132,,1376121677,,,186647371,4,"{""building"":""industrial"",""building:level"":""1"",""factory"":""tile"",""industrial"":""factory"",""source"":""Regione Emilia Romagna""}",,,,,,Il Mosaico spa,"POLYGON ((10.8049587 44.5451676, 10.8048464 44.5451765, 10.8048002 44.5451802, 10.8049166 44.5459424, 10.8052533 44.5459157, 10.8052272 44.5457446, 10.8051681 44.5453584, 10.8051369 44.5451541, 10.8049587 44.5451676))",way
133,,1365076493,,,186647398,2,"{""building"":""industrial"",""factory"":""metal_construction"",""industrial"":""factory"",""source"":""Regione Emilia Romagna""}",,,,,,Cemic,"POLYGON ((10.8118464 44.5479626, 10.811845 44.5477738, 10.8118444 44.5476906, 10.8116471 44.5476913, 10.8116492 44.5479634, 10.8118464 44.5479626))",way
134,,1381216608,,,186647603,3,"{""building"":""industrial"",""building:level"":""1"",""factory"":""poolish tile"",""industrial"":""factory"",""source"":""Regione Emilia Romagna""}",,,,,,,"POLYGON ((10.8358408 44.5416487, 10.8358895 44.5416446, 10.8360562 44.5416307, 10.8359707 44.5411084, 10.835959 44.5410371, 10.8359276 44.540845, 10.8359132 44.5407573, 10.8359073 44.5407214, 10.8355064 44.5407548, 10.8356357 44.5415449, 10.8358213 44.5415294, 10.8358408 44.5416487))",way
135,,1400635043,,,186647780,3,"{""building"":""industrial"",""factory"":""refractories"",""industrial"":""factory"",""source"":""Regione Emilia Romagna""}",,,,,,Calderys Italia Srl,"POLYGON ((10.8199426 44.5620828, 10.8200465 44.562301, 10.8200622 44.5622972, 10.8201647 44.5625124, 10.8206273 44.5624059, 10.8204289 44.5619402, 10.8201773 44.5619999, 10.8201883 44.5620231, 10.8199426 44.5620828))",way
136,,1376140598,,,186647786,3,"{""building"":""industrial"",""factory"":""electric vibrators"",""industrial"":""factory"",""source"":""Regione Emilia Romagna""}",,,,,,Italvibras G. Silingardi Spa,"POLYGON ((10.8119528 44.5470442, 10.8120329 44.5474101, 10.8128398 44.5473204, 10.8128483 44.5473592, 10.8129542 44.5473475, 10.812967 44.5474058, 10.8135514 44.5473408, 10.81345 44.5468777, 10.8126529 44.5469663, 10.8122807 44.5470077, 10.8122064 44.547016, 10.8119528 44.5470442))",way
137,,1364966817,,,186647835,2,"{""building"":""industrial"",""factory"":""tile"",""industrial"":""factory"",""source"":""Regione Emilia Romagna""}",,,,,,Emil Ceramica,"POLYGON ((10.8079317 44.546567, 10.8080607 44.5470372, 10.8081006 44.5471962, 10.8082957 44.5471695, 10.808508 44.5471402, 10.8085401 44.5471335, 10.8084843 44.5469462, 10.8083712 44.546506, 10.8079317 44.546567))",way
138,,1365334004,,,186647954,3,"{""building"":""industrial"",""building:level"":""1"",""factory"":""automation"",""industrial"":""factory"",""source"":""Regione Emilia Romagna""}",,,,,,TSC spa,"POLYGON ((10.8120877 44.5510313, 10.8121911 44.5513446, 10.8126431 44.5512689, 10.8126972 44.5514326, 10.8129025 44.5513982, 10.8128544 44.5512527, 10.8127449 44.5509211, 10.8120877 44.5510313))",way
139,,1376121677,,,186647965,2,"{""building"":""industrial"",""building:level"":""1"",""factory"":""metal_construction"",""industrial"":""factory"",""source"":""Regione Emilia Romagna""}",,,,,,IMAS srl,"POLYGON ((10.8038017 44.5457476, 10.8038468 44.5461272, 10.8045292 44.546086, 10.8045237 44.5460398, 10.8044972 44.5458143, 10.8044908 44.5457604, 10.8044871 44.545729, 10.8044838 44.5457073, 10.8040298 44.5457341, 10.8038017 44.5457476))",way
140,,1366094287,,,186647996,3,"{""building"":""industrial"",""factory"":""dressmaker"",""industrial"":""factory"",""source"":""Regione Emilia Romagna""}",,,,,,Messori Italia srl,"POLYGON ((10.8205687 44.5516456, 10.8206523 44.5516251, 10.8206073 44.5515303, 10.8205866 44.5514866, 10.8206443 44.5514722, 10.8205778 44.5513326, 10.8200148 44.5514699, 10.819775 44.5515283, 10.8199645 44.5519258, 10.8206251 44.5517651, 10.8205687 44.5516456))",way
141,,1366312439,,,186648010,3,"{""building:level"":""1"",""factory"":""automation"",""industrial"":""factory""}",,,,,,System spa,"POLYGON ((10.8207688 44.557007, 10.8207235 44.557016, 10.8206569 44.5570292, 10.8204514 44.5565155, 10.8200178 44.5566042, 10.8203649 44.5574718, 10.8203885 44.5575307, 10.8214496 44.5573085, 10.8214306 44.5572631, 10.8214091 44.5572116, 10.8211829 44.5566458, 10.8211204 44.5566586, 10.8210274 44.5564266, 10.8205739 44.5565199, 10.8207688 44.557007))",way
142,,1376121677,,,197885353,2,"{""building"":""office"",""building:level"":""2"",""factory"":""tile"",""industrial"":""factory"",""source"":""Regione Emilia Romagna""}",,,,,,Il Mosaico spa,"POLYGON ((10.8049587 44.5451676, 10.8051369 44.5451541, 10.8051242 44.5450738, 10.8050374 44.5450804, 10.804946 44.5450873, 10.8049587 44.5451676))",way
143,,1362653164,,,198061367,2,"{""building"":""industrial"",""factory"":""dressmaker"",""industrial"":""factory"",""source"":""Regione Emilia Romagna""}",,,,,,Maglificio Vienna s.r.l.,"POLYGON ((10.8102707 44.5442651, 10.8099941 44.5442803, 10.8100143 44.5444628, 10.8101431 44.5444557, 10.8101463 44.5444826, 10.8102641 44.5444757, 10.810261 44.5444493, 10.8102908 44.5444477, 10.8102795 44.5443456, 10.8102707 44.5442651))",way
144,,1365767886,,,208680094,2,"{""building"":""industrial"",""building:level"":""1"",""factory"":""metal_construction"",""industrial"":""factory""}",,,,,,Ghini srl,"POLYGON ((10.8172736 44.5598861, 10.817748 44.5597876, 10.8177998 44.5597253, 10.8176871 44.5594359, 10.8175882 44.559397, 10.8171136 44.5594956, 10.8171136 44.5594954, 10.8166633 44.5595891, 10.8168231 44.5599797, 10.8168233 44.5599797, 10.8168476 44.5600389, 10.8170101 44.5600051, 10.8172979 44.5599453, 10.8172736 44.5598861))",way
145,,1365099497,,,215289575,2,"{""building"":""office"",""building:level"":""2"",""factory"":""tile"",""industrial"":""factory"",""source"":""Regione Emilia Romagna""}",,,,,,Emil Ceramica,"POLYGON ((10.8107114 44.5471332, 10.8109191 44.547135, 10.8109174 44.5472351, 10.8109165 44.5472898, 10.8109155 44.5473474, 10.8108712 44.547347, 10.8107544 44.547346, 10.8107026 44.5473456, 10.8107039 44.5472692, 10.810748 44.5472695, 10.8107495 44.5471856, 10.8107105 44.5471853, 10.8107114 44.5471332))",way
146,,1365099488,,,215460764,1,"{""building"":""office"",""building:level"":""2"",""factory"":""tile"",""industrial"":""factory"",""source"":""Regione Emilia Romagna""}",,,,,,FAP Ceramiche,"POLYGON ((10.8117017 44.5493897, 10.8117717 44.5493162, 10.8119267 44.5493928, 10.8118428 44.549479, 10.8117087 44.5494128, 10.8117017 44.5493897))",way
147,,1365099489,,,215460765,1,"{""building"":""office"",""building:level"":""2"",""factory"":""tile"",""industrial"":""factory"",""source"":""Regione Emilia Romagna""}",,,,,,FAP Ceramiche,"POLYGON ((10.8117392 44.549231, 10.8116636 44.5491869, 10.8116663 44.5491479, 10.8117798 44.5490623, 10.8118934 44.5491339, 10.811778 44.5492287, 10.8117535 44.5492165, 10.8117392 44.549231))",way
148,,1365099489,,,215460766,1,"{""building"":""office"",""building:level"":""2"",""factory"":""tile"",""industrial"":""factory"",""source"":""Regione Emilia Romagna""}",,,,,,FAP Ceramiche,"POLYGON ((10.8115772 44.5492234, 10.8114957 44.5492171, 10.8113994 44.5491533, 10.8114747 44.5490848, 10.8115895 44.5491538, 10.811587 44.5491958, 10.8116 44.5492046, 10.8115772 44.5492234))",way
149,,1365099489,,,215460767,1,"{""building"":""office"",""building:level"":""2"",""factory"":""tile"",""industrial"":""factory"",""source"":""Regione Emilia Romagna""}",,,,,,FAP Ceramiche,"POLYGON ((10.8116377 44.5493571, 10.8116102 44.5493432, 10.8115922 44.5493602, 10.8115213 44.5493602, 10.8114341 44.5494558, 10.8115529 44.5495101, 10.8116426 44.5494089, 10.8116206 44.549372, 10.8116377 44.5493571))",way
150,,1376140599,,,216118674,2,"{""building"":""office"",""building:level"":""2"",""factory"":""automation"",""industrial"":""factory"",""source"":""Regione Emilia Romagna""}",,,,,,TSC spa,"POLYGON ((10.8127449 44.5509211, 10.8127241 44.550858, 10.8126143 44.5508764, 10.8125196 44.5508923, 10.812301 44.5509289, 10.8121937 44.5509469, 10.8120668 44.5509682, 10.8120877 44.5510313, 10.8127449 44.5509211))",way
151,,1365439564,,,216505511,1,"{""building"":""industrial"",""building:level"":""1"",""factory"":""tile"",""industrial"":""factory"",""source"":""Regione Emilia Romagna""}",,,,,,Laminam spa,"POLYGON ((10.80863 44.5553538, 10.8103751 44.5551004, 10.8105843 44.5558168, 10.810407 44.5558431, 10.8099417 44.5559121, 10.8093787 44.5559956, 10.8093874 44.5560255, 10.8090828 44.5560706, 10.8090739 44.5560401, 10.8090168 44.5560485, 10.8090243 44.5560742, 10.8089714 44.5560821, 10.8089616 44.5560487, 10.8088383 44.556067, 10.80863 44.5553538))",way
152,,1365487534,,,216579705,1,"{""building"":""office"",""building:level"":""2"",""factory"":""tile"",""industrial"":""factory"",""source"":""Regione Emilia Romagna""}",,,,,,Riwal ceramica spa,"POLYGON ((10.8109258 44.5571621, 10.8107767 44.5571837, 10.8106431 44.5567143, 10.8107922 44.5566927, 10.810852 44.5569028, 10.8109258 44.5571621))",way
153,,1379955838,,,217136813,2,"{""building"":""industrial"",""building:level"":""1"",""factory"":""thermoplastic packaging"",""industrial"":""factory"",""source"":""Regione Emilia Romagna""}",,,,,,Termoplastica Sghedoni Spa,"POLYGON ((10.8156655 44.5613463, 10.8160488 44.5612316, 10.8160148 44.5611735, 10.8160931 44.56115, 10.8161019 44.5611651, 10.8161027 44.5611798, 10.8161198 44.5611915, 10.8161533 44.5611921, 10.8161696 44.5611787, 10.8161675 44.5611644, 10.8161367 44.5611422, 10.8161911 44.5611259, 10.8159929 44.5607874, 10.815891 44.5608152, 10.8157238 44.5608608, 10.8155668 44.5609036, 10.8155913 44.5609455, 10.8154772 44.5609796, 10.8156655 44.5613463))",way
154,,1365958406,,,217460207,1,"{""building"":""industrial"",""building:level"":""2"",""factory"":""mineral"",""industrial"":""factory"",""source"":""Regione Emilia Romagna""}",,,,,,META spa,"POLYGON ((10.8212099 44.5589318, 10.8211829 44.5589398, 10.8214841 44.5594992, 10.821843 44.5594011, 10.8218705 44.5594522, 10.8220105 44.5594139, 10.8219814 44.5593617, 10.8218275 44.5590721, 10.8217264 44.5590994, 10.8215838 44.5588309, 10.8212099 44.5589318))",way
155,,1366094282,,,217612728,1,"{""building"":""industrial"",""building:level"":""2"",""factory"":""automation"",""industrial"":""factory"",""source"":""Regione Emilia Romagna""}",,,,,,DEF spa,"POLYGON ((10.8178845 44.5530489, 10.817919 44.5531195, 10.818435 44.5529905, 10.8184005 44.5529199, 10.8178845 44.5530489))",way
156,,1366312440,,,217612729,2,"{""building"":""industrial"",""building:level"":""1"",""factory"":""automation"",""industrial"":""factory"",""source"":""Regione Emilia Romagna""}",,,,,,System spa,"POLYGON ((10.819217 44.5533928, 10.8190342 44.5534433, 10.8192238 44.5537915, 10.8194066 44.553741, 10.819217 44.5533928))",way
157,,1366312442,,,217612733,2,"{""building"":""industrial"",""building:level"":""1"",""factory"":""automation"",""industrial"":""factory"",""source"":""Regione Emilia Romagna""}",,,,,,System spa,"POLYGON ((10.8192356 44.5533611, 10.8192481 44.5533841, 10.819217 44.5533928, 10.8194066 44.553741, 10.8198901 44.5536073, 10.8199402 44.5535935, 10.819738 44.5532222, 10.8192356 44.5533611))",way
158,,1366184570,,,217730614,1,"{""building"":""office"",""building:level"":""2"",""factory"":""mineral"",""industrial"":""factory"",""source"":""Regione Emilia Romagna""}",,,,,,META spa,"POLYGON ((10.8212587 44.5584425, 10.8216934 44.5583253, 10.8216657 44.5582732, 10.8212311 44.5583905, 10.8212587 44.5584425))",way
159,,1380088990,,,217842334,3,"{""building"":""industrial"",""building:level"":""1"",""factory"":""serigraphics"",""industrial"":""factory"",""source"":""Regione Emilia Romagna""}",,,,,,SRS spa,"POLYGON ((10.824318 44.5576394, 10.8244992 44.557988, 10.8245191 44.5580264, 10.8245924 44.5580069, 10.8245706 44.557965, 10.8246134 44.5579536, 10.8247144 44.5579268, 10.8249005 44.5578773, 10.8249967 44.5578517, 10.8250149 44.5578867, 10.82515 44.5578508, 10.8251318 44.5578158, 10.8251782 44.5578035, 10.8254071 44.5577427, 10.8254715 44.5577256, 10.8253828 44.5575549, 10.8253405 44.5574734, 10.8252765 44.5574904, 10.8251484 44.5575235, 10.825101 44.5574358, 10.8250381 44.5574522, 10.824318 44.5576394))",way
160,,1380088989,,,217842356,3,"{""building"":""industrial"",""building:level"":""1"",""factory"":""automation"",""industrial"":""factory"",""source"":""Regione Emilia Romagna""}",,,,,,AssoPrint spa,"POLYGON ((10.8257421 44.5579492, 10.8254386 44.5580271, 10.8252554 44.5580742, 10.8253539 44.5582689, 10.8254494 44.5584577, 10.8259362 44.5583327, 10.8259012 44.5582635, 10.8257421 44.5579492))",way
161,,1366280653,,,217847368,1,"{""building"":""office"",""building:level"":""2"",""factory"":""automation"",""industrial"":""factory"",""source"":""Regione Emilia Romagna""}",,,,,,AssoPrint spa,"POLYGON ((10.8259012 44.5582635, 10.8260108 44.5582353, 10.8259594 44.5581337, 10.8260039 44.5581223, 10.8259879 44.5580908, 10.8259746 44.5580644, 10.8259282 44.5580763, 10.8258758 44.5579728, 10.8258212 44.5579868, 10.8257952 44.5579355, 10.8257421 44.5579492, 10.8259012 44.5582635))",way
162,,1381046179,,,240748030,2,"{""building"":""office"",""building:level"":""5"",""factory"":""artistic tile"",""industrial"":""factory""}",,,,,,Target Studio,"POLYGON ((10.8346617 44.5416347, 10.8349846 44.5416142, 10.8349774 44.5415565, 10.8349614 44.5414289, 10.8349567 44.5413911, 10.8346338 44.5414116, 10.8346617 44.5416347))",way
163,,1381046179,,,240748031,2,"{""building"":""industrial"",""building:level"":""1"",""factory"":""artistic tile"",""industrial"":""factory""}",,,,,,Target Studio,"POLYGON ((10.8335016 44.5416613, 10.8334446 44.5412059, 10.8349217 44.5411119, 10.8349228 44.5411205, 10.8349567 44.5413911, 10.8346338 44.5414116, 10.8346617 44.5416347, 10.8338514 44.5416863, 10.8338456 44.5416394, 10.8335547 44.5416579, 10.8335016 44.5416613))",way
164,,1381046173,,,240758872,1,"{""building"":""office"",""building:level"":""1"",""factory"":""artistic tile"",""industrial"":""factory""}",,,,,,Target Studio,"POLYGON ((10.8349614 44.5414289, 10.8350505 44.5415462, 10.8350106 44.5415518, 10.8349774 44.5415565, 10.8349614 44.5414289))",way
165,,1381216609,,,240758880,2,"{""building"":""office"",""building:level"":""3"",""factory"":""poolish tile"",""industrial"":""factory""}",,,,,,,"POLYGON ((10.8356357 44.5415449, 10.8358213 44.5415294, 10.8358408 44.5416487, 10.8358001 44.5416521, 10.8357007 44.5416603, 10.8356552 44.5416641, 10.8356357 44.5415449))",way
166,,1394199641,,,241072361,3,"{""building"":""office"",""building:level"":""1"",""factory"":""tile"",""industrial"":""factory"",""source"":""Regione Emilia Romagna""}",,,,,,Ceramiche Piemme S.p.a.,"POLYGON ((10.8352513 44.5380123, 10.8352189 44.5380123, 10.8351922 44.5379933, 10.8351827 44.5379309, 10.8352056 44.5379078, 10.8352341 44.5379051, 10.8352553 44.537906, 10.8352836 44.5379214, 10.8352893 44.5379906, 10.8352513 44.5380123))",way
167,,1381243531,,,241106728,2,"{""building"":""industrial"",""building:level"":""1"",""factory"":""tile"",""industrial"":""factory"",""source"":""Regione Emilia Romagna""}",,,,,,Puntoquattro spa,"POLYGON ((10.8346838 44.5385535, 10.8346881 44.5385929, 10.8346596 44.5385945, 10.8346635 44.5386305, 10.8346735 44.5387213, 10.8344261 44.5387351, 10.8344338 44.5388051, 10.8342111 44.5388176, 10.833968 44.5388312, 10.8333953 44.5388633, 10.8334971 44.5397545, 10.8335403 44.5397516, 10.8347642 44.5396683, 10.8349475 44.5396558, 10.8350239 44.5396506, 10.8350091 44.5395158, 10.834985 44.5392952, 10.8349779 44.5392302, 10.8349642 44.5391054, 10.834951 44.5389849, 10.8349399 44.5388835, 10.83491 44.5386106, 10.8349024 44.5385409, 10.8346838 44.5385535))",way
