,changeset,lon,id,timestamp,lat,tags,version,addr:city,addr:housenumber,addr:housename,addr:postcode,addr:street,email,name,opening_hours,operator,phone,url,website,amenity,drinking_water,source,wikipedia,geometry,osm_type,addr:country,building,start_date
0,0.0,16.672173,281764109,1496648065,41.187565,,5,,,,,,,fontana dei Tritoni,,,,"https://it.wikipedia.org/wiki/File:Fontana_dei_Tritoni,_Giovinazzo.jpg",,fountain,,,,POINT (16.67217254638672 41.187564849853516),node,,,
1,0.0,16.5426,347426479,1492761947,41.130745,"{""wheelchair"":""limited""}",5,,,,,,,Teatro Millico,,,,,,theatre,,,,POINT (16.542600631713867 41.13074493408203),node,,,
2,0.0,16.54693,448683033,1248644524,41.216824,,1,,,,,,,UCI Cinemas multisala,,,,,,cinema,,,,POINT (16.54693031311035 41.21682357788086),node,,,
3,0.0,16.545374,563766858,1493195455,41.13076,"{""wheelchair"":""limited""}",2,,,,,,,Piccolo Osservatorio Garzia,,,,,,cinema,,,,POINT (16.545373916625977 41.130760192871094),node,,,
4,0.0,16.408913,578119728,1264877920,41.152916,,3,,,,,,,Cinema Elia,,,,,,cinema,,,,POINT (16.408912658691406 41.152915954589844),node,,,
5,0.0,16.487623,597397213,1261335002,41.11761,,1,,,,,,,,,,,,,fountain,,,,POINT (16.48762321472168 41.117610931396484),node,,,
6,0.0,16.86425,620120661,1518611175,41.11797,"{""screen"":""1"",""old_name"":""Cinema Teatro Royal"",""wheelchair"":""yes""}",5,,,,,,,AncheCinema Teatro Polifunzionale,,AncheCinema s.r.l.,,,http://www.anchecinema.com/,cinema,,,,POINT (16.86425018310547 41.11796951293945),node,,,
7,0.0,16.883202,643883764,1587751426,41.118576,,2,,19,,70121,Largo Monsignore Augusto Curi,,Cinema Esedra,,,,,http://www.cinemaesedra.it/,cinema,,,,POINT (16.883201599121094 41.11857604980469),node,,,
8,0.0,16.414438,691622679,1293809924,41.15487,,2,,,,,,,Sfera Records Music Label,,,,,,studio,,,,POINT (16.414438247680664 41.154869079589844),node,,,
9,0.0,16.92082,1203176375,1358436378,41.06377,,2,,,,,,,,,,,,,fountain,,,,POINT (16.920820236206055 41.06377029418945),node,,,
10,0.0,16.931492,1212126593,1363562388,41.07131,,3,,,,,,,Dopo di Noi,,,,,,community_centre,,,,POINT (16.93149185180664 41.07130813598633),node,,,
11,0.0,16.869944,1242093379,1518802348,41.110653,,3,,24,,70125,Via Buccari,,Nuovo Splendor,,,,,,cinema,,,,POINT (16.869943618774414 41.110652923583984),node,,,
12,0.0,16.9116,1272921669,1304588248,41.104965,,1,,,,,,,,,,,,,fountain,,,,POINT (16.91160011291504 41.10496520996094),node,,,
13,0.0,16.85835,1285442721,1351440811,41.11584,"{""wheelchair"":""yes""}",3,,,,,,,Teatro Purgatorio,,,,,,theatre,,,,POINT (16.85835075378418 41.115840911865234),node,,,
14,0.0,16.886621,1364984750,1518878610,41.108265,"{""old_name"":""Salottino""}",4,,,,,,,Teatro Bravò,,,,,,theatre,,,,POINT (16.886621475219727 41.1082649230957),node,,,
15,0.0,16.857388,1425219130,1315322698,41.096256,,1,,,,,,,,,,,,,fountain,,,,POINT (16.85738754272461 41.096256256103516),node,,,
16,0.0,16.911077,1495490311,1588094319,41.10424,,3,,,,,,,Anfiteatro della Pace,,,,,,theatre,,,,POINT (16.91107749938965 41.10424041748047),node,,,
17,0.0,16.865496,1559718764,1324671973,41.091564,,1,,,,,,,,,,,,,fountain,,,,POINT (16.865495681762695 41.0915641784668),node,,,
18,0.0,16.926199,1634080143,1377042960,40.97106,"{""old_name"":""Warner Village Cinema"",""wheelchair"":""yes""}",3,,,,,,,The Space Cinema,,,,,,cinema,,,,POINT (16.926198959350586 40.97106170654297),node,,,
19,0.0,16.85181,1714507454,1334328804,41.098515,,1,,,,,,,,,,,,,fountain,,,,POINT (16.851810455322266 41.098514556884766),node,,,
20,0.0,16.871786,1828422296,1519033331,41.11294,,2,,,,,,,Piccolo teatro,,,,,,theatre,,,,POINT (16.87178611755371 41.11294174194336),node,,,
21,0.0,16.60153,2069339077,1381012302,41.199295,,2,,,,,,,Cinema Odeon,,,,,,cinema,,,,POINT (16.601530075073242 41.19929504394531),node,,,
22,0.0,17.088629,2088946726,1356895494,41.058857,,1,,,,,,,,,,,,,fountain,,,,POINT (17.0886287689209 41.05885696411133),node,,,
23,0.0,17.08872,2088947186,1356895500,41.05883,,1,,,,,,,,,,,,,fountain,,,,POINT (17.088720321655273 41.05883026123047),node,,,
24,0.0,16.864973,2121866325,1358789756,41.004066,,2,,,,,,,,,,,,,fountain,,,,POINT (16.864973068237305 41.004066467285156),node,,,
25,0.0,16.925323,2122558127,1358778068,40.80064,,1,,,,,,,,,,,,,fountain,,,,POINT (16.925323486328125 40.80064010620117),node,,,
26,0.0,16.551405,2127782000,1631799699,41.12858,,3,,,,,,,SNAI,,,,,,gambling,,,,POINT (16.55140495300293 41.128578186035156),node,,,
27,0.0,16.548403,2127782016,1588904304,41.127945,,4,,,,,,,,,Planet Win 365,,,,gambling,,,,POINT (16.548402786254883 41.12794494628906),node,,,
28,0.0,16.548525,2127782019,1588904304,41.128235,,3,,,,,,,,,,,,,gambling,,,,POINT (16.548524856567383 41.12823486328125),node,,,
29,0.0,17.116125,2256020413,1381786211,40.96583,"{""wheelchair"":""yes""}",3,,,,,,,CineTeatro Norba,,,,,,theatre,,,,POINT (17.116125106811523 40.9658317565918),node,,,
30,0.0,17.227232,2326578796,1524093084,40.995537,,2,,,,,,,Fontana Lungomare Cristoforo Colombo,,,,,,fountain,,,,POINT (17.227231979370117 40.99553680419922),node,,,
31,0.0,16.947409,2393257290,1580757610,40.88328,,3,,,,,,,,,,,,,fountain,,,,POINT (16.94740867614746 40.88328170776367),node,,,
32,0.0,16.953318,2393308137,1374527656,40.890766,,1,,,,,,,,,,,,,fountain,,,,POINT (16.953317642211914 40.89076614379883),node,,,
33,0.0,16.948853,2393679753,1580757112,40.888645,"{""tourism"":""information"",""wheelchair"":""no""}",6,Sammichele di Bari,24,,70010,Via Principessa Mafalda,,"Pro Loco ""Dino Bianco""",,,,,http://www.prolocosammicheledibari.it/,community_centre,,,,POINT (16.9488525390625 40.88864517211914),node,,,
34,0.0,16.922728,2393742877,1374574602,40.803123,,1,,,,,,,,,,,,,fountain,,,,POINT (16.922727584838867 40.803123474121094),node,,,
35,0.0,16.556992,2427952887,1377171196,40.832554,,1,,,,,,,,,,,,,fountain,,,,POINT (16.556991577148438 40.83255386352539),node,,,
36,0.0,16.87919,2519940611,1553372220,41.108128,"{""wheelchair"":""yes""}",2,,,,,,,Radio Frequenza Libera,,,,,https://www.frequenzalibera.it/,studio,,survey,,POINT (16.87919044494629 41.10812759399414),node,,,
37,0.0,16.769201,2642337049,1391018076,40.88896,,1,,,,,,,,,,,,,fountain,,,,POINT (16.769201278686523 40.88896179199219),node,,,
38,0.0,16.769041,2642337214,1391018077,40.889378,,1,,,,,,,,,,,,,fountain,,,,POINT (16.769041061401367 40.88937759399414),node,,,
39,0.0,16.875622,2694603470,1393598551,41.113995,,1,,,,,,,,,OneBet360,,,,gambling,,,,POINT (16.875621795654297 41.11399459838867),node,,,
40,0.0,16.929853,3136832646,1413641601,40.804016,,1,,,,,,,,,,,,,fountain,,,,POINT (16.929853439331055 40.80401611328125),node,,,
41,0.0,16.707413,3166621964,1613311649,41.059437,,2,,,,,,,,,,,,,fountain,,,,POINT (16.707412719726562 41.0594367980957),node,,,
42,0.0,16.702547,3166631569,1415113181,41.05568,,1,,,,,,,,,,,,,fountain,,,,POINT (16.702547073364258 41.05567932128906),node,,,
43,0.0,16.7063,3166641285,1415113778,41.054924,,1,,,,,,,,,,,,,fountain,,,,POINT (16.706300735473633 41.05492401123047),node,,,
44,0.0,16.838518,3232054567,1463246310,41.109535,,4,,22/F,,,Strada San Giorgio Martire,,Teatro Kismet Opera,,,,,,theatre,,,,POINT (16.838518142700195 41.109535217285156),node,,,
45,0.0,16.765413,3419650919,1427375514,41.123306,,1,,,,,,,,,,,,,fountain,,,,POINT (16.765413284301758 41.12330627441406),node,,,
46,0.0,16.77454,3439716849,1472626371,41.131542,,4,Bari,,,,Strada Provinciale Bitonto - Aeroporto Palese,,Ciaky multisala,,,,,,cinema,,,,POINT (16.774539947509766 41.13154220581055),node,,,
47,0.0,17.299824,3445551168,1597596883,40.952526,"{""height"":""2.5"",""material"":""stone"",""no_name"":""yes""}",2,,,,,,,,,,,,,fountain,no,,,POINT (17.299823760986328 40.9525260925293),node,,,
48,0.0,16.874723,3472026669,1429734730,41.10409,,1,,,,,,,,,,,,,fountain,,,,POINT (16.874723434448242 41.10409164428711),node,,,
49,0.0,16.883049,3472183695,1429740159,41.107826,,1,,,,,,,,,,,,,fountain,,,,POINT (16.88304901123047 41.107826232910156),node,,,
50,0.0,16.880583,3472193399,1429741085,41.111065,,1,,,,,,,,,,,,,fountain,,,,POINT (16.880582809448242 41.11106491088867),node,,,
51,0.0,16.866936,3475122530,1429889816,41.106445,,1,,,,,,,,,,,,,fountain,,,,POINT (16.86693572998047 41.1064453125),node,,,
52,0.0,16.87297,3575151618,1433527402,41.125984,,1,,,,,,,,,,,,,nightclub,,,,POINT (16.872970581054688 41.12598419189453),node,,,
53,0.0,16.743624,3583442734,1511778537,40.87147,,2,,,,,,,CBFP,,,,,,fountain,,,,POINT (16.743623733520508 40.8714714050293),node,,,
54,0.0,16.600002,3627291046,1460746894,41.2062,,2,,,,,,,,,,,,,fountain,,,,POINT (16.60000228881836 41.206199645996094),node,,,
55,0.0,16.599277,3627295555,1435677413,41.20506,,1,,,,,,,Fontana di Piazza Amente,,,,,,fountain,,,,POINT (16.59927749633789 41.20505905151367),node,,,
56,0.0,16.748762,3672053815,1438184644,41.04012,,1,,,,,,,,,,,,,fountain,,,,POINT (16.748762130737305 41.04011917114258),node,,,
57,0.0,16.91693,3988114906,1454594585,40.796967,,1,,,,,,,,,,,,,fountain,,,,POINT (16.916929244995117 40.796966552734375),node,,,
58,0.0,16.842,4143792184,1461462671,40.895325,,1,,,,,,,,,,,,,fountain,,,,POINT (16.841999053955078 40.89532470703125),node,,,
59,0.0,16.853695,4173100270,1462726628,41.08659,"{""wheelchair"":""yes""}",1,,52,,70124,Via Camillo Rosalba,,Teatro dell'Anonima,,,,,,theatre,,,,POINT (16.853694915771484 41.08658981323242),node,,,
60,0.0,16.842253,4518764972,1479983507,41.138374,,1,,,,,,,ABCinema,,,,,,cinema,,,,POINT (16.842252731323242 41.13837432861328),node,,,
61,0.0,16.415937,4630401137,1596017716,40.816284,,4,Gravina in Puglia,,,70024,Villa Comunale,,Fontanone gemello,,,,,,fountain,,,,POINT (16.415937423706055 40.8162841796875),node,,,
62,0.0,16.417696,4630401138,1596017716,40.8168,,4,Gravina in Puglia,,,70024,Villa Comunale,,Fontanone gemello,,,,,,fountain,,,,POINT (16.417695999145508 40.81679916381836),node,,,
63,0.0,16.445742,4637233706,1485513248,40.8245,,1,,,,,,,Anfiteatro,,,,,,theatre,,,,POINT (16.445741653442383 40.824501037597656),node,,,
64,0.0,16.41754,4688297028,1487233032,41.14298,,1,,,,,,,,,,,,,fountain,,,,POINT (16.417539596557617 41.14297866821289),node,,,
65,0.0,16.548418,4817562622,1493193079,41.128075,"{""wheelchair"":""no""}",1,Terlizzi,54,,70038,Via Piave,,Hèllengiò,,,,,,brothel,,,,POINT (16.548418045043945 41.128074645996094),node,,,
66,0.0,16.545898,4817597321,1493193912,41.126637,"{""wheelchair"":""yes""}",1,,,,,,,sabor latino,,,,,,community_centre,,,,POINT (16.5458984375 41.12663650512695),node,,,
67,0.0,16.7659,4903636034,1496917784,41.156998,,1,,,,,,,Winning games Slot Italy,,,,,,casino,,,,POINT (16.765899658203125 41.15699768066406),node,,,
68,0.0,16.706472,5208398684,1509717307,40.861877,,1,,,,,,,,,,,,,fountain,,,,POINT (16.706472396850586 40.86187744140625),node,,,
69,0.0,16.70662,5208398688,1509717307,40.861492,,1,,,,,,,,,,,,,fountain,,,,POINT (16.706619262695312 40.86149215698242),node,,,
70,0.0,16.706665,5208398696,1509717308,40.861908,,1,,,,,,,,,,,,,fountain,,,,POINT (16.7066650390625 40.861907958984375),node,,,
71,0.0,16.70653,5208398697,1509717308,40.862076,,1,,,,,,,,,,,,,fountain,,,,POINT (16.70652961730957 40.86207580566406),node,,,
72,0.0,16.706568,5208398700,1509717308,40.86229,,1,,,,,,,,,,,,,fountain,,,,POINT (16.706567764282227 40.86228942871094),node,,,
73,0.0,16.870531,5228473802,1510678099,41.07396,,2,,,,,,,Fontana del monumento,,,,,,fountain,,,,POINT (16.87053108215332 41.07395935058594),node,,,
74,0.0,16.633953,5252081753,1511876379,40.919434,,1,,,,,,,,,,,,,fountain,,,,POINT (16.633953094482422 40.91943359375),node,,,
75,0.0,17.121286,5256325421,1512065202,40.849644,,1,,,,,,,Teatro Comunale di Putignano,,,,,,theatre,,,,POINT (17.121286392211914 40.84964370727539),node,,,
76,0.0,17.112608,5291910603,1513637134,40.964314,"{""description"":""Centro polivalente per le arti dello spettacolo""}",3,Conversano,14,,70014,Via Donato Jaja,,Casa delle Arti,,,+39 080 2376965,,http://casadellearti.com,theatre,,,,POINT (17.112607955932617 40.96431350708008),node,,,
77,0.0,16.838886,5513438076,1537855840,41.137215,"{""wheelchair"":""yes"",""wheelchair:description:en"":""2 places"",""wheelchair:description:it"":""2 posti""}",3,,,,,,,Sala Cinema Cineporto,,Fondazione Apulia Film Commission,,,,cinema,,,,POINT (16.838886260986328 41.13721466064453),node,,,
78,0.0,16.8381,5513438077,1522312025,41.13705,,1,,,,,,,Planetario di Bari Sky Skan,,Associazione Culturale Andromeda,,,http://www.planetariobari.com/,planetarium,,,,POINT (16.83810043334961 41.13705062866211),node,,,
79,0.0,16.929731,5638027279,1527095042,40.795372,"{""description"":""Gradinata usata in estate per proiezione di film all'aperto.""}",1,,,,,,,Cinema all'aperto,,,,,,cinema,,,,POINT (16.929731369018555 40.795372009277344),node,,,
80,0.0,16.749996,5840031423,1534607425,41.04045,,1,,,,,,,,,,,,,fountain,,,,POINT (16.749996185302734 41.04045104980469),node,,,
81,0.0,16.870426,5927269091,1537813066,41.07373,,1,,,,,,,,,,,,,fountain,,,,POINT (16.870426177978516 41.07373046875),node,,,
82,0.0,16.870611,5927269104,1537813067,41.074158,,1,,,,,,,,,,,,,fountain,,,,POINT (16.8706111907959 41.07415771484375),node,,,
83,0.0,16.581175,6449228875,1557049851,41.207096,,1,,775,,,Via Bisceglie,,La Cittadella degli Artisti,,,,,,cinema,,,,POINT (16.581174850463867 41.207096099853516),node,,,
84,0.0,16.74079,6499283756,1558770390,41.14647,"{""addr:unit"":""B/C/D"",""contact:phone"":""347 798 9768""}",1,Bari,18,,70127,Via Natale Pisicchio,,Il giardino delle feste,,,,,https://www.facebook.com/Il-Giardino-delle-Feste-488044918015511/,events_venue,,,,POINT (16.74078941345215 41.14646911621094),node,,,
85,0.0,16.869347,6656178533,1564361403,41.12996,,1,,,,,,,Leone,,,,,,community_centre,,,,POINT (16.869346618652344 41.12995910644531),node,,,
86,0.0,16.846392,6721051535,1566141020,40.73321,,1,,,,,,,,,,,,,fountain,yes,,,POINT (16.846391677856445 40.733211517333984),node,,,
87,0.0,16.918222,6728411049,1566348773,40.955467,,1,Casamassima,2,,70010,Via Vincenzo Savino,comune.casamassima@pec.it,Comune di Casamassima,Mo-Su 08:30-21:00,,+39 080 653 01 11,,http://comune.casamassima.ba.it/,community_centre,,,,POINT (16.918222427368164 40.955467224121094),node,,,
88,0.0,16.875652,6925278988,1638623272,41.12372,"{""wikidata"":""Q108833300""}",6,,,,,Largo Adua,,Teatro Kursaal Santalucia,,,,,,theatre,,,it:Teatro Kursaal Santalucia,POINT (16.875652313232422 41.12371826171875),node,,,
89,0.0,16.670393,7266634795,1583421367,41.185776,,1,,,,,,,,,,,,,fountain,,,,POINT (16.670392990112305 41.18577575683594),node,,,
90,0.0,16.839733,7426825648,1587407962,41.132095,"{""level"":""0"",""theatre:genre"":""marionette""}",3,,4/a,Arena della Vittoria,70132,Via di Maratona,,Casa di Pulcinella,,,,,http://www.casadipulcinella.it/,theatre,,,,POINT (16.839733123779297 41.13209533691406),node,,,
91,0.0,16.865574,7452627796,1587980867,41.128117,,1,,,,,,,,,,,,,fountain,,,,POINT (16.86557388305664 41.128116607666016),node,,,
92,0.0,16.571732,9063080812,1630787743,40.967697,"{""contact:email"":""info@murgiagardenricevimenti.it"",""contact:mobile"":""+39 340 5353702"",""contact:phone"":""+39 080 9926028""}",1,Toritto,43,,70020,Via Pedali della Murgia,,Murgia Garden Ricevimenti,,,,,https://www.murgiagardenricevimenti.it,events_venue,,,,POINT (16.571731567382812 40.96769714355469),node,,,
93,0.0,17.295715,9266819918,1637323406,40.95274,"{""survey:date"":""2021-11-19""}",1,,,,,,,,,,,,,public_bookcase,,,,POINT (17.29571533203125 40.95273971557617),node,,,
94,0.0,17.305174,9275776343,1637604147,40.952446,,1,,,,,,,,,,,,,fountain,,,,POINT (17.305173873901367 40.95244598388672),node,,,
95,0.0,16.86184,9348494817,1639827045,41.125595,,1,,,,,,,,,,,,,fountain,,,,POINT (16.861839294433594 41.12559509277344),node,,,
96,0.0,17.125479,9464350069,1643663060,40.848316,,1,,,,,,,,,,,,,public_bookcase,,,,POINT (17.125478744506836 40.84831619262695),node,,,
97,,,24889492,1579685686,,"{""wikidata"":""Q845510""}",13,,,,,,,Teatro Petruzzelli,,,,,,theatre,,,it:Teatro Petruzzelli,"POLYGON ((16.8726818 41.1237261, 16.8726916 41.1236279, 16.8726715 41.1236268, 16.8726895 41.1234464, 16.872715 41.1234479, 16.8727248 41.1233502, 16.8730505 41.1233688, 16.8730572 41.1233016, 16.8731539 41.1233071, 16.8732469 41.1233123, 16.8732422 41.1233603, 16.8732475 41.1233606, 16.8732464 41.1233716, 16.8735699 41.1233897, 16.8735744 41.1233302, 16.8736899 41.1233359, 16.8738055 41.1233416, 16.8737594 41.1238475, 16.8735184 41.1238368, 16.8735185 41.1238094, 16.8735186 41.1237727, 16.873202 41.1237552, 16.8731958 41.1238188, 16.8730978 41.1238134, 16.8730056 41.1238082, 16.8730119 41.1237449, 16.8726818 41.1237261))",way,,,
98,,,24938548,1460240124,,,7,,,,,,,,,,,,,theatre,,,,"POLYGON ((16.5562501 41.1305814, 16.5563034 41.1305838, 16.5563537 41.1305657, 16.5563856 41.1305315, 16.5563918 41.1304944, 16.5563685 41.1304515, 16.5563166 41.1304245, 16.5562605 41.1304223, 16.5562099 41.1304417, 16.5561776 41.1304811, 16.5561779 41.1305253, 16.5562002 41.1305566, 16.5562501 41.1305814))",way,,,
99,,,59454066,1460793106,,,2,,,,,,,Jubliee Disco Club,,,,,,nightclub,,,,"POLYGON ((16.3992084 41.1414095, 16.3986217 41.1417167, 16.3984881 41.1415732, 16.3990625 41.1412583, 16.3992084 41.1414095))",way,,,
100,,,102515738,1463883668,,,4,,,,,,,Arena Vignola,,,,,,cinema,,,,"POLYGON ((17.2194274 40.9922712, 17.2194636 40.9923943, 17.2193576 40.9924121, 17.2193259 40.9923141, 17.2192797 40.992147, 17.2196903 40.9920778, 17.219732 40.9922198, 17.2194274 40.9922712))",way,,,
101,,,113970435,1518605658,,"{""branch"":""Bari"",""screen"":""8"",""cinema:3D"":""yes"",""wheelchair"":""yes""}",9,,,,,,,UCI Ciemas Showville,,UCI Cinemas,,,https://www.ucicinemas.it/cinema/puglia/bari/uci-cinemas-showville-bari/,cinema,,,,"POLYGON ((16.8872291 41.0904877, 16.8880121 41.0903296, 16.8882955 41.0903002, 16.8883165 41.0905129, 16.8883058 41.0905433, 16.8882807 41.090538, 16.888257 41.0906161, 16.8883375 41.0906328, 16.8884122 41.0914241, 16.8871874 41.0915032, 16.8870968 41.0906326, 16.8871719 41.0905758, 16.8872291 41.0904877))",way,,,
102,,,124954694,1527504419,,"{""wheelchair"":""limited""}",6,Bari,,,,Strada Vallisa,,Auditorium Vallisa,,,,,,theatre,,,,"POLYGON ((16.8714482 41.1270757, 16.871686 41.127077, 16.8716927 41.1269694, 16.87167 41.126968, 16.8714523 41.1269662, 16.87145 41.1270234, 16.8714482 41.1270757))",way,IT,,
103,,,164794699,1463883668,,"{""wheelchair"":""limited""}",3,,,,,,,Arena Vignola,,,,,,cinema,,,,"POLYGON ((17.219732 40.9922198, 17.2197525 40.9923606, 17.2196299 40.9923812, 17.2194636 40.9923943, 17.2194274 40.9922712, 17.219732 40.9922198))",way,,,
104,,,166477584,1339077094,,,1,,,,,,,Teatro Team,,,,,,theatre,,,,"POLYGON ((16.9034473 41.0991529, 16.90384 41.0985371, 16.9042141 41.0986725, 16.9038214 41.0992883, 16.9034473 41.0991529))",way,,,
105,,,172136758,1381817348,,"{""wheelchair"":""yes""}",2,,,,,,,,,,,,,theatre,,,,"POLYGON ((17.1167221 40.9682291, 17.1166583 40.9682173, 17.116603 40.9681905, 17.1165623 40.9681516, 17.1165405 40.9681049, 17.1165399 40.9680553, 17.1165608 40.9680082, 17.1166007 40.9679689, 17.1166554 40.9679414, 17.1167189 40.9679288, 17.1167844 40.9679326, 17.1168448 40.9679521, 17.1168935 40.9679854, 17.1169252 40.9680288, 17.1169365 40.9680777, 17.1169262 40.9681267, 17.1168954 40.9681705, 17.1168474 40.9682044, 17.1167875 40.9682246, 17.1167221 40.9682291))",way,,,
106,,,175375075,1344580011,,,1,,,,,,,,,,,,,fountain,,,,"POLYGON ((17.2371933 40.7843715, 17.237179 40.7843532, 17.2371882 40.7843366, 17.23722 40.7843327, 17.2372368 40.784351, 17.2372248 40.7843705, 17.2371933 40.7843715))",way,,,
107,,,198901648,1597860061,,,3,,,,,,,Multisala Metropolis,,,,,,cinema,,,,"POLYGON ((17.0800439 41.062402, 17.0798132 41.0620835, 17.0798051 41.0620707, 17.0801994 41.061909, 17.0802692 41.0619854, 17.0802209 41.0620137, 17.0803087 41.0621733, 17.0803577 41.0622635, 17.0801856 41.0623396, 17.0800439 41.062402))",way,,,
108,,,222621122,1488785222,,"{""wikidata"":""Q3982232"",""wheelchair"":""yes""}",6,Gioia del Colle,1,,,Via Gioacchino Rossini,,Teatro Rossini,,,,,,theatre,,,it:Teatro comunale Rossini,"POLYGON ((16.9238279 40.8017115, 16.923879 40.8016952, 16.9238859 40.8017071, 16.9239008 40.8017027, 16.923905 40.8017095, 16.9241744 40.801629, 16.9242325 40.8016013, 16.9241982 40.8015676, 16.9241438 40.8014921, 16.9239981 40.8015366, 16.9238231 40.8015868, 16.9238237 40.8015938, 16.9237824 40.8016038, 16.9238279 40.8017115))",way,IT,,1843
109,,,227099667,1412235117,,"{""layer"":""1""}",3,,,,,,,Fontana,,,,,,fountain,no,,,"POLYGON ((16.7783943 41.1372053, 16.7783645 41.1372474, 16.7783156 41.1372777, 16.7782551 41.1372916, 16.778192 41.137287, 16.7781361 41.1372646, 16.7780958 41.1372278, 16.7780773 41.1371822, 16.7780834 41.1371347, 16.7781132 41.1370926, 16.7781621 41.1370623, 16.7782227 41.1370483, 16.7782857 41.1370529, 16.7783416 41.1370754, 16.7783819 41.1371122, 16.7784004 41.1371578, 16.7783943 41.1372053))",way,,,
110,,,227358657,1463196118,,,3,,,,,,,Auditorium dipartimento di Agraria,,,,,,theatre,,,,"POLYGON ((16.8819647 41.110666, 16.8818242 41.110603, 16.8818513 41.1105688, 16.8818395 41.1105635, 16.8818802 41.1105121, 16.881891 41.1105169, 16.881918 41.1104827, 16.8819269 41.1104867, 16.8819539 41.1104988, 16.8819803 41.1105106, 16.8820582 41.1105455, 16.8821125 41.1105698, 16.8820178 41.1106898, 16.8819647 41.110666))",way,,,
111,,,230956511,1519741689,,"{""branch"":""Gioia Del Colle"",""screen"":""8"",""wheelchair"":""yes""}",5,,,,,,,UCI Cinemas Seven Gioia Del Colle,,,+39 080 3483295,,https://www.ucicinemas.it/cinema/puglia/bari/uci-cinemas-seven-gioia-del-colle/,cinema,,,,"POLYGON ((16.9221276 40.8096923, 16.9217832 40.8096869, 16.9217841 40.8096448, 16.92156 40.8096394, 16.9215754 40.8092516, 16.9217907 40.8092562, 16.9222075 40.8092655, 16.9222027 40.8094468, 16.9221362 40.8094454, 16.922132 40.8095534, 16.9221276 40.8096923))",way,,cinema,
112,,,233058902,1616523348,,,3,Monopoli,96,,70043,Via Rattazzi,,Cinema Vittoria,,,+39 080 747794,,,cinema,,,,"POLYGON ((17.3017392 40.9491548, 17.3018643 40.9488909, 17.3020028 40.9488936, 17.3020429 40.9490394, 17.3020402 40.9491321, 17.3021086 40.9491352, 17.3021039 40.9491478, 17.3020838 40.9491867, 17.3018393 40.9491826, 17.3017392 40.9491548))",way,IT,,
113,,,233755714,1403538883,,,2,,,,,,,,,,,,,fountain,,,,"POLYGON ((17.3006732 40.9539813, 17.3006546 40.953968, 17.3006434 40.953952, 17.3006393 40.953933, 17.3006431 40.9539156, 17.3006512 40.9539027, 17.3006672 40.953889, 17.3006891 40.9538796, 17.300706 40.9538765, 17.3007282 40.9538768, 17.3007473 40.9538813, 17.300766 40.9538905, 17.3007817 40.9539052, 17.3007912 40.9539285, 17.3007905 40.9539428, 17.3007827 40.9539604, 17.3007711 40.9539727, 17.3007499 40.9539847, 17.3007257 40.9539904, 17.3006977 40.9539894, 17.3006732 40.9539813))",way,,,
114,,,240501174,1380891557,,,1,,,,,,,,,,,,,theatre,,,,"POLYGON ((16.5879774 41.202771, 16.5878582 41.2024903, 16.587962 41.2024295, 16.5880736 41.2024035, 16.5882236 41.202389, 16.5883582 41.2026784, 16.5879774 41.202771))",way,,yes,
115,,,241983948,1435678291,,,2,,,,,,,,,,,,,fountain,,,,"POLYGON ((17.0893693 41.0601714, 17.0893686 41.0601744, 17.0893668 41.060177, 17.0893639 41.0601791, 17.0893603 41.0601804, 17.0893563 41.0601808, 17.0893524 41.0601802, 17.0893489 41.0601787, 17.089346 41.0601763, 17.0893444 41.0601732, 17.0893443 41.0601699, 17.0893456 41.0601668, 17.0893483 41.0601642, 17.089352 41.0601625, 17.0893563 41.0601618, 17.0893606 41.0601622, 17.0893641 41.0601636, 17.089367 41.0601657, 17.0893687 41.0601684, 17.0893693 41.0601714))",way,,,
116,,,256892332,1568880285,,,4,,,,,,,Teatro Forma,,,,,,theatre,,,,"POLYGON ((16.8792863 41.1044877, 16.8793333 41.1043172, 16.8795385 41.104333, 16.8795547 41.1043346, 16.8797907 41.1043574, 16.8797815 41.1044332, 16.8797234 41.1044304, 16.8797219 41.1044473, 16.8796896 41.1044457, 16.8796914 41.1044247, 16.8795762 41.1044191, 16.8795673 41.1045382, 16.8795577 41.104555, 16.8794876 41.1045376, 16.8792863 41.1044877))",way,,yes,
117,,,264868542,1554133523,,"{""wikidata"":""Q845517""}",10,Bari,,,,Corso Vittorio Emanuele II,,Teatro comunale Niccolò Piccinni,,,,,,theatre,,,it:Teatro Piccinni,"POLYGON ((16.8675691 41.1258055, 16.8675298 41.1258023, 16.8674416 41.1257979, 16.8673669 41.1257941, 16.8673216 41.125791, 16.8673327 41.125682, 16.8672912 41.1256769, 16.8673218 41.1253297, 16.8676239 41.1253463, 16.8675691 41.1258055))",way,,yes,
118,,,264904074,1463196139,,,3,Bari,15,,,Corso Italia,,Multicinema Galleria,,,,,www.multicinemagalleria.it,cinema,,,,"POLYGON ((16.8686253 41.1186923, 16.8682466 41.1186778, 16.8682326 41.1187998, 16.8682533 41.1187986, 16.8682369 41.1189851, 16.8682356 41.1190007, 16.868238 41.1190289, 16.8682529 41.1190924, 16.8682709 41.1191337, 16.8683241 41.1191565, 16.8684205 41.1191655, 16.8684943 41.1191352, 16.8685331 41.1190918, 16.8685693 41.1190319, 16.8685932 41.1188233, 16.8686067 41.1188256, 16.8686253 41.1186923))",way,,,
119,,,264916627,1463196104,,,2,,,,,,,,,,,,,fountain,no,,,"POLYGON ((16.8732967 41.1129951, 16.8732504 41.1129512, 16.8733101 41.1129154, 16.8733564 41.1129593, 16.8732967 41.1129951))",way,,,
120,,,301495362,1409670037,,,1,,,,,,,,,,,,,fountain,no,,,"POLYGON ((16.8753749 41.002117, 16.8753565 41.0021073, 16.8753469 41.0020981, 16.8753388 41.0020824, 16.8753391 41.0020623, 16.8753526 41.0020417, 16.8753795 41.0020273, 16.8754015 41.0020243, 16.8754171 41.0020257, 16.8754428 41.0020354, 16.8754573 41.0020483, 16.8754644 41.0020616, 16.8754658 41.0020784, 16.8754601 41.0020935, 16.8754416 41.0021111, 16.8754219 41.002119, 16.8754047 41.0021214, 16.8753749 41.002117))",way,,,
121,,,302114600,1410022271,,,1,,,,,,,,,,,,,fountain,no,,,"POLYGON ((16.8401163 40.8930077, 16.8401087 40.8930202, 16.8400894 40.8930334, 16.840073 40.8930377, 16.8400555 40.8930378, 16.8400465 40.8930362, 16.8400309 40.89303, 16.8400233 40.8930248, 16.8400135 40.8930132, 16.8400104 40.8930062, 16.8400095 40.892992, 16.8400157 40.8929773, 16.8400284 40.8929655, 16.8400386 40.8929604, 16.8400585 40.892956, 16.8400816 40.8929581, 16.8400925 40.8929621, 16.8401094 40.8929746, 16.8401169 40.8929883, 16.8401163 40.8930077))",way,,,
122,,,357489658,1435672763,,,1,,,,,,,,,,,,,fountain,,,,"POLYGON ((17.0812061 41.057557, 17.0812126 41.05756, 17.0812174 41.0575643, 17.0812202 41.0575696, 17.0812207 41.0575752, 17.0812187 41.0575807, 17.0812146 41.0575854, 17.0812087 41.057589, 17.0812016 41.0575909, 17.0811941 41.0575911, 17.0811869 41.0575894, 17.0811803 41.0575858, 17.0811757 41.0575807, 17.0811737 41.0575748, 17.0811745 41.0575686, 17.0811781 41.0575631, 17.0811839 41.0575588, 17.0811913 41.0575562, 17.0811988 41.0575557, 17.0812061 41.057557))",way,,,
123,,,357492174,1597664310,,"{""height"":""10"",""material"":""stone""}",2,,,,,,,Monumento ai caduti della I guerra mondiale,,,,,,fountain,no,,,"POLYGON ((17.0912861 41.06132, 17.0913131 41.0613133, 17.0913416 41.0613137, 17.0913684 41.061321, 17.0913905 41.0613345, 17.0914056 41.0613527, 17.0914119 41.0613736, 17.0914089 41.0613949, 17.0913968 41.0614144, 17.091377 41.0614298, 17.0913518 41.0614394, 17.0913239 41.0614423, 17.0912962 41.0614383, 17.0912717 41.0614278, 17.091253 41.0614118, 17.0912422 41.0613922, 17.0912404 41.061371, 17.0912478 41.0613504, 17.0912636 41.0613328, 17.0912861 41.06132))",way,,,
124,,,364897892,1529324235,,,2,,,,,,,,,,,,,fountain,,,,"POLYGON ((17.2379774 40.7837438, 17.237969 40.7837414, 17.2379621 40.7837372, 17.2379572 40.7837315, 17.2379548 40.783725, 17.2379552 40.7837182, 17.2379583 40.7837119, 17.2379639 40.7837066, 17.2379713 40.7837028, 17.2379799 40.783701, 17.2379889 40.7837013, 17.2379972 40.7837037, 17.2380042 40.7837079, 17.2380091 40.7837136, 17.2380115 40.7837201, 17.238011 40.7837269, 17.2380079 40.7837333, 17.2380024 40.7837386, 17.2379949 40.7837423, 17.2379863 40.7837441, 17.2379774 40.7837438))",way,,,
125,,,380372753,1463196158,,,2,,142/D,,70121,Corso Sonnino,,Teatro Palazzo,,,,,,theatre,,,,"POLYGON ((16.8852581 41.1186988, 16.8850676 41.1187856, 16.8847713 41.1184078, 16.8850072 41.1183169, 16.885089 41.1184179, 16.8850153 41.1184462, 16.8850314 41.1184654, 16.8850153 41.1184745, 16.8850314 41.1184745, 16.8850422 41.1184745, 16.8850569 41.1184755, 16.8850689 41.1184765, 16.8850784 41.1184795, 16.8850957 41.1184856, 16.8853412 41.1186361, 16.8852527 41.1186775, 16.8852701 41.1186937, 16.8852581 41.1186988))",way,,,
126,,,385280866,1449769040,,,1,,,,,,,,,,,,,fountain,,,,"POLYGON ((16.4132596 41.1514421, 16.4132519 41.1514417, 16.4132443 41.1514423, 16.413237 41.1514439, 16.4132301 41.1514464, 16.4132239 41.1514498, 16.4132186 41.151454, 16.4132143 41.1514587, 16.4132111 41.151464, 16.4132093 41.1514696, 16.4132087 41.1514754, 16.4132095 41.1514812, 16.4132116 41.1514867, 16.413215 41.1514919, 16.4132195 41.1514966, 16.413225 41.1515007, 16.4132313 41.1515039, 16.4132383 41.1515063, 16.4132457 41.1515077, 16.4132534 41.1515081, 16.413261 41.1515075, 16.4132683 41.1515059, 16.4132752 41.1515034, 16.4132814 41.1515, 16.4132868 41.1514958, 16.413291 41.151491, 16.4132942 41.1514857, 16.413296 41.1514801, 16.4132966 41.1514743, 16.4132958 41.1514686, 16.4132937 41.151463, 16.4132903 41.1514578, 16.4132858 41.1514531, 16.4132803 41.1514491, 16.413274 41.1514459, 16.413267 41.1514435, 16.4132596 41.1514421))",way,,,
127,,,385280869,1449769041,,,1,,,,,,,,,,,,,fountain,,,,"POLYGON ((16.413739 41.153393, 16.4137345 41.1533927, 16.41373 41.1533931, 16.4137257 41.153394, 16.4137216 41.1533955, 16.413718 41.1533975, 16.4137148 41.1534, 16.4137123 41.1534028, 16.4137105 41.1534059, 16.4137094 41.1534092, 16.413709 41.1534126, 16.4137095 41.153416, 16.4137108 41.1534193, 16.4137127 41.1534223, 16.4137154 41.1534251, 16.4137186 41.1534275, 16.4137223 41.1534294, 16.4137265 41.1534308, 16.4137308 41.1534316, 16.4137353 41.1534318, 16.4137398 41.1534315, 16.4137442 41.1534306, 16.4137482 41.1534291, 16.4137519 41.1534271, 16.413755 41.1534246, 16.4137575 41.1534218, 16.4137594 41.1534187, 16.4137605 41.1534154, 16.4137608 41.153412, 16.4137603 41.1534086, 16.4137591 41.1534053, 16.4137571 41.1534022, 16.4137545 41.1533995, 16.4137512 41.1533971, 16.4137475 41.1533952, 16.4137434 41.1533938, 16.413739 41.153393))",way,,,
128,,,385280874,1449769041,,,1,,,,,,,,,,,,,fountain,,,,"POLYGON ((16.413834 41.1501106, 16.4138303 41.1501104, 16.4138267 41.1501107, 16.4138231 41.1501114, 16.4138198 41.1501126, 16.4138169 41.1501143, 16.4138143 41.1501163, 16.4138122 41.1501186, 16.4138107 41.1501211, 16.4138098 41.1501238, 16.4138096 41.1501266, 16.41381 41.1501294, 16.413811 41.150132, 16.4138126 41.1501345, 16.4138147 41.1501368, 16.4138174 41.1501387, 16.4138204 41.1501403, 16.4138238 41.1501414, 16.4138274 41.1501421, 16.413831 41.1501423, 16.4138347 41.150142, 16.4138382 41.1501412, 16.4138415 41.15014, 16.4138445 41.1501384, 16.4138471 41.1501364, 16.4138491 41.1501341, 16.4138506 41.1501316, 16.4138515 41.1501289, 16.4138518 41.1501261, 16.4138514 41.1501233, 16.4138504 41.1501206, 16.4138488 41.1501181, 16.4138466 41.1501159, 16.413844 41.1501139, 16.413841 41.1501124, 16.4138376 41.1501113, 16.413834 41.1501106))",way,,,
129,,,385281687,1449769075,,,1,,,,,,,,,,,,,fountain,,,,"POLYGON ((16.4107474 41.1541828, 16.4107105 41.154178, 16.4106803 41.1541945, 16.4106728 41.1542191, 16.4106904 41.1542414, 16.4107295 41.1542494, 16.4107586 41.1542362, 16.4107682 41.1542083, 16.4107474 41.1541828))",way,,,
130,,,385281712,1449769077,,,1,,,,,,,Cinema Alfieri,,,,,,cinema,,,,"POLYGON ((16.4107366 41.1527396, 16.4105808 41.1528047, 16.4103563 41.1524863, 16.4105135 41.152423, 16.4107366 41.1527396))",way,,yes,
131,,,385283994,1556016255,,,2,,7,,,Piazza Guglielmo Marconi,,Teatro Comunale,,,,,,theatre,,,,"POLYGON ((16.4138221 41.1543751, 16.4138239 41.1541816, 16.4133512 41.1541791, 16.4133508 41.1542214, 16.4132873 41.154221, 16.4132863 41.1543251, 16.4133512 41.1543255, 16.4133508 41.1543726, 16.4138221 41.1543751))",way,,yes,
132,,,408969177,1609607589,,,3,,,,,,,Teatro Luciani,,,,,,theatre,,,,"POLYGON ((16.8432808 40.8960025, 16.843256 40.8956674, 16.8430132 40.8956777, 16.843038 40.8960128, 16.8432808 40.8960025))",way,,yes,
133,,,409139661,1460239282,,,1,,,,,,,Centro Parrocchiale Santissima Maria della Stella,,,,,,community_centre,,,,"POLYGON ((16.551332 41.13234, 16.5512786 41.1322981, 16.5512248 41.1323348, 16.5510738 41.1324377, 16.5511069 41.1324655, 16.5511558 41.1324322, 16.5512096 41.1324774, 16.5511622 41.1325097, 16.5511796 41.1325244, 16.5511928 41.1325355, 16.5513365 41.1324376, 16.5513158 41.1323671, 16.5513287 41.1323592, 16.5513228 41.1323482, 16.551332 41.13234))",way,,yes,
134,,,409204294,1540571746,,"{""wikidata"":""Q3982179""}",4,Bitonto,,,70032,Largo Teatro Umberto I,,Teatro Traetta,,,,,,theatre,,,it:Teatro Traetta,"POLYGON ((16.6924249 41.1065658, 16.6923119 41.1065169, 16.6922499 41.1064942, 16.6921887 41.1064681, 16.6920709 41.1066204, 16.6923111 41.1067265, 16.6923387 41.1066875, 16.6924249 41.1065658))",way,,yes,
135,,,409670057,1460436199,,,1,,,,,,,Palatour Perla,,,,,,theatre,,,,"POLYGON ((16.8251479 41.0479392, 16.8251485 41.0478747, 16.8250499 41.047877, 16.8250509 41.0478527, 16.8251006 41.0478404, 16.8251374 41.0478281, 16.8251646 41.0478159, 16.8251855 41.0478038, 16.8252174 41.0477799, 16.8252298 41.0477678, 16.8252454 41.0477488, 16.8252579 41.0477286, 16.8252697 41.0477003, 16.8252748 41.0476784, 16.8252764 41.0476487, 16.8252749 41.0476339, 16.82527 41.047612, 16.8252618 41.0475906, 16.8252545 41.0475768, 16.8252411 41.0475569, 16.8252188 41.0475325, 16.825199 41.0475161, 16.8251768 41.0475014, 16.8251609 41.0474928, 16.8251355 41.0474815, 16.8251085 41.0474726, 16.8250708 41.0474644, 16.8250417 41.0474611, 16.8250123 41.0474603, 16.824983 41.0474621, 16.8249637 41.0474647, 16.8249354 41.0474707, 16.8249081 41.047479, 16.8248907 41.0474859, 16.824866 41.047498, 16.8248362 41.0475173, 16.8248165 41.0475339, 16.8247995 41.047552, 16.8247898 41.0475649, 16.8247742 41.0475922, 16.8247686 41.0476064, 16.8247628 41.0476282, 16.8247603 41.0476504, 16.8247605 41.0476653, 16.8247654 41.0476947, 16.8247729 41.0477163, 16.8247797 41.0477302, 16.8247974 41.0477567, 16.8248081 41.0477691, 16.8248332 41.0477919, 16.8248626 41.0478116, 16.8248791 41.0478201, 16.8248972 41.0478279, 16.8249405 41.0478413, 16.8249981 41.0478536, 16.8249977 41.0478797, 16.8249006 41.0478807, 16.8249009 41.0479427, 16.8251479 41.0479392))",way,,yes,
136,,,409677965,1612459609,,,2,,,,,,,,,,,,,fountain,no,,,"POLYGON ((16.917265 41.0423102, 16.9172649 41.0423012, 16.9172628 41.0422947, 16.9172586 41.0422863, 16.9172513 41.0422793, 16.9172416 41.0422741, 16.9172304 41.0422713, 16.917218 41.0422707, 16.9172063 41.042272, 16.9171953 41.0422754, 16.9171859 41.0422809, 16.9171785 41.0422879, 16.9171738 41.0422962, 16.9171719 41.042305, 16.9171731 41.042314, 16.9171771 41.0423224, 16.9171839 41.0423298, 16.9171929 41.0423356, 16.9172036 41.0423396, 16.9172152 41.0423414, 16.917227 41.0423409, 16.9172383 41.0423381, 16.9172484 41.0423333, 16.9172565 41.0423268, 16.9172621 41.0423189, 16.917265 41.0423102))",way,,,
137,,,409919628,1643469410,,,2,,,,,,,,,,,,,fountain,,,,"POLYGON ((17.1132326 40.9661228, 17.1132288 40.9661227, 17.113225 40.9661232, 17.1132215 40.9661245, 17.1132185 40.9661262, 17.1132162 40.9661285, 17.1132145 40.9661311, 17.1132137 40.966134, 17.1132138 40.9661369, 17.1132148 40.9661396, 17.1132166 40.9661422, 17.1132192 40.9661444, 17.1132223 40.966146, 17.1132259 40.9661471, 17.1132297 40.9661475, 17.1132335 40.9661473, 17.1132371 40.9661464, 17.1132404 40.9661449, 17.1132431 40.9661428, 17.1132451 40.9661404, 17.1132463 40.9661376, 17.1132467 40.9661347, 17.1132461 40.9661319, 17.1132447 40.9661292, 17.1132425 40.9661268, 17.1132397 40.9661249, 17.1132363 40.9661235, 17.1132326 40.9661228))",way,,,
138,,,410142913,1566047637,,"{""club"":""scout""}",2,,,,,,,Base Scout,,,,,,community_centre,,,,"POLYGON ((16.7306297 40.8679128, 16.7306065 40.8679699, 16.730536 40.8679552, 16.7304771 40.8681324, 16.7306927 40.8681732, 16.7307841 40.8679423, 16.7306297 40.8679128))",way,,yes,
139,,,410801113,1460803867,,,1,,,,,,,Fontana Lombardi,,,,,,fountain,,,,"POLYGON ((16.9284623 41.0678618, 16.9284207 41.0678704, 16.9283858 41.0678709, 16.9283597 41.0678669, 16.9283489 41.0678633, 16.9283382 41.0678608, 16.9283154 41.0678512, 16.9283027 41.067837, 16.9282926 41.0678214, 16.9282899 41.0678128, 16.9282899 41.0678042, 16.9282926 41.0677956, 16.9283087 41.0677728, 16.9283167 41.0677668, 16.9283436 41.0677506, 16.9283617 41.067742, 16.9283818 41.0677354, 16.9284019 41.0677309, 16.9284321 41.0677273, 16.9284683 41.0677304, 16.9284804 41.0677319, 16.9285018 41.0677374, 16.9285219 41.0677455, 16.9285307 41.0677506, 16.9285387 41.0677572, 16.9285441 41.0677642, 16.9285467 41.0677728, 16.9285481 41.067791, 16.9285461 41.0677996, 16.9285414 41.0678082, 16.9285226 41.067831, 16.9285152 41.0678375, 16.9284864 41.0678532, 16.9284623 41.0678618))",way,,,
140,,,410801526,1460803899,,,1,,,,,,,,,,,,,community_centre,,,,"POLYGON ((16.9180705 41.066927, 16.9181565 41.0671685, 16.918213 41.0671946, 16.9182883 41.0671802, 16.9183299 41.0671266, 16.9183125 41.0670793, 16.918375 41.0670651, 16.9184127 41.0670136, 16.9183924 41.0669585, 16.9183243 41.0669309, 16.9182605 41.0669431, 16.918243 41.0668939, 16.9181763 41.0668672, 16.9181047 41.0668806, 16.9180705 41.066927))",way,,yes,
141,,,410904343,1490871515,,"{""religion"":""christian""}",2,,,,,,,Teatro Mercadante,,,,,,theatre,,,,"POLYGON ((16.5514871 40.8246527, 16.551384 40.8246665, 16.5513898 40.8246915, 16.5513343 40.824699, 16.5513378 40.824714, 16.5512448 40.8247241, 16.5512475 40.8247384, 16.5512147 40.824742, 16.5511935 40.8247245, 16.5509778 40.8248903, 16.550976 40.8249014, 16.5510775 40.8249761, 16.5512626 40.8249568, 16.5512619 40.8249534, 16.5515499 40.8249235, 16.5514871 40.8246527))",way,,church,
142,,,411034403,1541235880,,,2,,17,,70042,Via Nicolò Van Westerhout,,Teatro Nicolò Van Westerhout,,,,,,theatre,,,,"POLYGON ((17.090065 41.0616571, 17.0899425 41.0614955, 17.089768 41.0615496, 17.0898994 41.061731, 17.090065 41.0616571))",way,,yes,
143,,,417148962,1576249518,,,2,,,,,,,,,,,,,fountain,,,,"POLYGON ((16.88108 41.0760499, 16.8810749 41.0760496, 16.8810699 41.0760501, 16.881065 41.0760513, 16.8810606 41.0760532, 16.8810567 41.0760557, 16.8810536 41.0760587, 16.8810513 41.0760621, 16.8810499 41.0760659, 16.8810495 41.0760697, 16.8810501 41.0760735, 16.8810517 41.0760772, 16.8810542 41.0760806, 16.8810575 41.0760835, 16.8810615 41.0760859, 16.8810661 41.0760876, 16.881071 41.0760886, 16.8810761 41.0760889, 16.8810811 41.0760885, 16.881086 41.0760873, 16.8810904 41.0760854, 16.8810943 41.0760829, 16.8810974 41.0760799, 16.8810997 41.0760764, 16.8811011 41.0760727, 16.8811015 41.0760689, 16.8811009 41.076065, 16.8810993 41.0760614, 16.8810968 41.076058, 16.8810935 41.0760551, 16.8810895 41.0760527, 16.8810849 41.076051, 16.88108 41.0760499))",way,,,
144,,,417997239,1463195331,,,1,,,,,,,,,,,,,fountain,,,,"POLYGON ((16.8803775 41.1111597, 16.8803736 41.1111594, 16.8803697 41.1111598, 16.8803661 41.1111607, 16.8803627 41.1111621, 16.8803597 41.1111641, 16.8803573 41.1111664, 16.8803555 41.111169, 16.8803545 41.1111719, 16.8803542 41.1111749, 16.8803546 41.1111779, 16.8803558 41.1111807, 16.8803578 41.1111833, 16.8803603 41.1111855, 16.8803634 41.1111873, 16.8803668 41.1111887, 16.8803706 41.1111895, 16.8803744 41.1111897, 16.8803783 41.1111893, 16.880382 41.1111884, 16.8803853 41.111187, 16.8803883 41.1111851, 16.8803907 41.1111827, 16.8803925 41.1111801, 16.8803936 41.1111772, 16.8803939 41.1111742, 16.8803934 41.1111713, 16.8803922 41.1111684, 16.8803903 41.1111658, 16.8803877 41.1111636, 16.8803846 41.1111618, 16.8803812 41.1111605, 16.8803775 41.1111597))",way,,,
145,,,417998758,1571828233,,"{""theatre:type"":""concert_hall""}",2,,,,,,,Auditorium Nino Rota,,,,,,theatre,,,,"POLYGON ((16.8573577 41.1153484, 16.8573885 41.1152024, 16.8571794 41.1150738, 16.8571491 41.1150814, 16.8570917 41.115021, 16.856988 41.1150549, 16.8569821 41.1150502, 16.8569486 41.1150598, 16.8569598 41.1150661, 16.8568897 41.1150885, 16.8569235 41.1151109, 16.8569792 41.1150948, 16.8569952 41.1151065, 16.8568905 41.1151347, 16.8568184 41.1151541, 16.8568176 41.1151638, 16.85679 41.1151626, 16.8567892 41.1151725, 16.8567622 41.1151713, 16.8567614 41.1151811, 16.8567333 41.1151798, 16.8567325 41.1151891, 16.8567051 41.1151878, 16.8567043 41.1151974, 16.8566769 41.1151961, 16.8566652 41.1151996, 16.8566622 41.1152231, 16.8566588 41.1152498, 16.8568443 41.1153638, 16.8568351 41.1154009, 16.8568743 41.1154245, 16.8569986 41.1154996, 16.8571194 41.1155726, 16.8571294 41.1155696, 16.8571414 41.1155775, 16.8572577 41.1155443, 16.8572586 41.1155303, 16.857266 41.1155277, 16.8572673 41.115513, 16.8574433 41.1154626, 16.8574331 41.1154057, 16.8573315 41.1154345, 16.85734 41.1154037, 16.8573465 41.1154014, 16.8573577 41.1153484))",way,,yes,
146,,,417998759,1517957704,,"{""layer"":""1"",""category"":""Aula Magna""}",2,,,,,,,"Aula Magna ""Attilo Alto""",,1,,,,theatre,,,,"POLYGON ((16.8798367 41.1088451, 16.8795721 41.1087695, 16.8795406 41.1088326, 16.8794785 41.108816, 16.8797472 41.1082715, 16.8798125 41.10829, 16.8799508 41.1080084, 16.8791109 41.1077696, 16.8789743 41.1080517, 16.8789843 41.1080546, 16.878643 41.1087353, 16.8787889 41.108774, 16.8787812 41.1087912, 16.8787512 41.1088575, 16.8787467 41.1088681, 16.8786744 41.1088465, 16.8786202 41.1089605, 16.8786536 41.1089699, 16.8786594 41.1089581, 16.8786914 41.1089671, 16.8786774 41.1089956, 16.8792188 41.1091483, 16.8792312 41.1091221, 16.8792607 41.1091303, 16.8792543 41.1091426, 16.8792893 41.1091526, 16.8793474 41.1090367, 16.8792791 41.1090174, 16.8792834 41.1090091, 16.8793693 41.1090327, 16.8794266 41.1089162, 16.8794918 41.1089327, 16.8794609 41.1090002, 16.8795096 41.1090139, 16.8794667 41.1091014, 16.8793989 41.1090818, 16.8792222 41.1094372, 16.8793598 41.1094769, 16.8795116 41.1091695, 16.8794908 41.1091642, 16.879514 41.1091183, 16.8796692 41.1091612, 16.8797121 41.1090706, 16.8797615 41.109084, 16.8798743 41.1088558, 16.8798367 41.1088451))",way,,yes,
147,,,417999127,1639223259,,,3,Bari,3,,70126,Via Padre Massimiliano Kolbe,,Abeliano,,,+39 080 542 7678,,https://www.nuovoteatroabeliano.com/,theatre,,,,"POLYGON ((16.8933528 41.1097544, 16.8934215 41.1097063, 16.893513 41.1096898, 16.8933681 41.1094904, 16.8930499 41.1096215, 16.8931925 41.1098189, 16.8932613 41.1097708, 16.8933528 41.1097544))",way,,yes,
148,,,418212861,1571825841,,,2,,71,,,Via Magenta,,Teatro Radar,,,,,,theatre,,,,"POLYGON ((17.2950918 40.9513944, 17.2950246 40.9513868, 17.2949969 40.9512478, 17.2949602 40.951236, 17.2949001 40.9512655, 17.2948571 40.9512655, 17.2948594 40.9512874, 17.2944306 40.9513143, 17.2943519 40.9513145, 17.2943423 40.9513837, 17.2943265 40.9513832, 17.2943149 40.951385, 17.294297 40.9513929, 17.2942847 40.9514042, 17.2942784 40.9514183, 17.2942781 40.9514308, 17.2942834 40.951445, 17.2942904 40.9514516, 17.2942998 40.9514585, 17.2943143 40.9514644, 17.2943309 40.951467, 17.2948553 40.9515115, 17.2948763 40.9515083, 17.2948925 40.951502, 17.2949015 40.9514963, 17.2949116 40.9514848, 17.2949167 40.9514725, 17.2949365 40.9514781, 17.2950708 40.9515159, 17.2950918 40.9513944))",way,,yes,
149,,,426097797,1597418542,,,4,Modugno,14,,70026,Via dei Cedri,,Demodè Club,,Planet Snc,,,www.demodeclub.it,nightclub,,,,"POLYGON ((16.823083 41.07141, 16.8230482 41.0713715, 16.8231519 41.0713262, 16.8236959 41.0710678, 16.8237425 41.0711235, 16.8237807 41.0711692, 16.823809 41.0711557, 16.8239185 41.0712868, 16.8236819 41.0713991, 16.823685 41.0714029, 16.8234105 41.0715332, 16.8232818 41.0715943, 16.8232013 41.0716325, 16.8231186 41.0715175, 16.8231233 41.0714787, 16.823081 41.0714265, 16.823083 41.07141))",way,,,
150,,,627939647,1537850082,,"{""barrier"":""wall"",""natural"":""water""}",1,,,,,,,Fontana Piazza Aldo Moro,,,,,,fountain,no,,,"POLYGON ((16.8699988 41.1186215, 16.8699645 41.1186108, 16.8699356 41.1185932, 16.8699144 41.1185702, 16.8699027 41.1185437, 16.8699014 41.1185157, 16.8699106 41.1184886, 16.8699296 41.1184645, 16.8699568 41.1184454, 16.86999 41.1184329, 16.8700266 41.118428, 16.8700635 41.118431, 16.8700978 41.1184417, 16.8701267 41.1184593, 16.8701479 41.1184823, 16.8701596 41.1185089, 16.8701609 41.1185368, 16.8701517 41.118564, 16.8701327 41.118588, 16.8701055 41.1186071, 16.8700723 41.1186196, 16.8700357 41.1186245, 16.8699988 41.1186215))",way,,,
151,,,627940156,1597669520,,"{""barrier"":""wall"",""description"":""Qui zampillo' la prima acqua dell'acquedotto pugliese 15/4/1915"",""material"":""stone"",""natural"":""water""}",2,,,,,,,,,,,,,fountain,no,,,"POLYGON ((16.8693792 41.1207401, 16.8694197 41.1207405, 16.8694611 41.120722, 16.8694923 41.12069, 16.86951 41.1206555, 16.8695204 41.1206134, 16.8695149 41.1205716, 16.8695026 41.1205328, 16.8694776 41.1205074, 16.86944 41.1204914, 16.8693977 41.1204912, 16.8693572 41.1205074, 16.8693286 41.1205355, 16.8693052 41.1205719, 16.8692974 41.1206122, 16.8692971 41.1206571, 16.8693136 41.1206963, 16.8693423 41.1207251, 16.8693792 41.1207401))",way,,,
152,,,627940158,1537850336,,"{""natural"":""water""}",1,,,,,,,,,,,,,fountain,,,,"POLYGON ((16.8725802 41.1219296, 16.8726336 41.121933, 16.8726559 41.121735, 16.8726025 41.1217316, 16.8725802 41.1219296))",way,,,
153,,,627940555,1537850516,,"{""barrier"":""wall"",""natural"":""water""}",1,,,,,,,,,,,,,fountain,,,,"POLYGON ((16.8723906 41.1241284, 16.8723888 41.1241383, 16.8724166 41.1241401, 16.8724057 41.1242248, 16.872381 41.1242232, 16.8723793 41.1242332, 16.8723739 41.12424, 16.8723687 41.1242437, 16.8723592 41.1242472, 16.8723487 41.1242481, 16.8723388 41.1242463, 16.8723281 41.1242406, 16.8723228 41.1242344, 16.8723204 41.1242271, 16.8723215 41.1242186, 16.8722954 41.1242165, 16.8723056 41.1241305, 16.8723307 41.1241323, 16.8723318 41.1241239, 16.8723363 41.124117, 16.8723438 41.1241116, 16.8723521 41.1241086, 16.8723625 41.1241077, 16.8723681 41.1241084, 16.872377 41.1241114, 16.8723852 41.1241172, 16.8723896 41.1241243, 16.8723906 41.1241284))",way,,,
154,,,627941215,1538440775,,"{""barrier"":""kerb"",""natural"":""water""}",2,,,,,,,,,,,,,fountain,,,,"POLYGON ((16.8682393 41.1206612, 16.8682439 41.1206627, 16.8682486 41.1206686, 16.8682512 41.1206739, 16.8682519 41.1206783, 16.8682517 41.1206823, 16.8682497 41.1206871, 16.868246 41.1206922, 16.8682402 41.1206972, 16.8682347 41.120698, 16.8682295 41.1206972, 16.868224 41.1206919, 16.8682211 41.1206863, 16.8682199 41.1206826, 16.8682199 41.1206781, 16.8682225 41.1206709, 16.8682258 41.1206661, 16.8682287 41.1206628, 16.868234 41.1206613, 16.8682393 41.1206612))",way,,,
155,,,627941849,1537851111,,"{""natural"":""water""}",1,,,,,,,,,,,,,fountain,yes,,,"POLYGON ((16.8727264 41.1254555, 16.8727302 41.1254611, 16.8727315 41.1254672, 16.87273 41.1254734, 16.872726 41.1254789, 16.8727199 41.1254831, 16.8727123 41.1254856, 16.872704 41.1254861, 16.872696 41.1254846, 16.8726889 41.1254812, 16.8726837 41.1254761, 16.8726809 41.1254701, 16.872681 41.1254637, 16.8726838 41.1254577, 16.8726891 41.1254528, 16.8726962 41.1254494, 16.8727045 41.1254479, 16.8727129 41.1254486, 16.8727204 41.1254512, 16.8727264 41.1254555))",way,,,
156,,,627942775,1537851455,,"{""barrier"":""wall"",""natural"":""water""}",1,,,,,,,,,,,,,fountain,no,,,"POLYGON ((16.8741079 41.1252671, 16.8740974 41.1252745, 16.8740905 41.125284, 16.8740878 41.1252946, 16.8740896 41.1253053, 16.8740958 41.125315, 16.8741056 41.1253229, 16.8741183 41.125328, 16.8741324 41.1253299, 16.8741466 41.1253285, 16.8741595 41.1253237, 16.8741697 41.1253163, 16.8741764 41.1253069, 16.8741789 41.1252964, 16.874177 41.1252858, 16.8741709 41.1252762, 16.8741611 41.1252684, 16.8741487 41.1252633, 16.8741348 41.1252613, 16.8741207 41.1252626, 16.8741079 41.1252671))",way,,,
157,,,627943419,1537851825,,"{""barrier"":""wall"",""natural"":""water""}",1,,,,,,,,,,,,,fountain,,,,"POLYGON ((16.8618257 41.1255499, 16.8618437 41.1255488, 16.8618631 41.1255525, 16.8618797 41.125561, 16.8618914 41.1255732, 16.8618969 41.1255878, 16.8618954 41.1256028, 16.8618872 41.1256166, 16.8618733 41.1256274, 16.8618552 41.125634, 16.8618353 41.1256355, 16.8618177 41.1256325, 16.8618022 41.1256254, 16.8617904 41.1256151, 16.8617834 41.1256026, 16.8617819 41.125589, 16.861786 41.1255758, 16.8617954 41.1255641, 16.861809 41.1255552, 16.8618257 41.1255499))",way,,,
158,,,627944069,1537852593,,"{""barrier"":""wall"",""natural"":""water""}",1,,,,,,,,,,,,,fountain,,,,"POLYGON ((16.8569187 41.1235019, 16.8569505 41.123455, 16.8570512 41.1234937, 16.8570195 41.1235406, 16.8569187 41.1235019))",way,,,
159,,,627950249,1537855839,,"{""barrier"":""wall"",""natural"":""water""}",1,,,,,,,,,,,,,fountain,no,,,"POLYGON ((16.8382064 41.1365589, 16.8381679 41.1365563, 16.8381318 41.1365461, 16.8381005 41.136529, 16.8380765 41.1365062, 16.8380615 41.1364794, 16.8380565 41.1364506, 16.8380619 41.1364218, 16.8380773 41.1363951, 16.8381016 41.1363725, 16.8381331 41.1363556, 16.8381694 41.1363457, 16.8382122 41.1363436, 16.8382539 41.1363513, 16.8382908 41.1363678, 16.8383195 41.1363919, 16.8383374 41.1364213, 16.838343 41.1364533, 16.8383357 41.1364852, 16.8383162 41.136514, 16.8382862 41.1365371, 16.8382485 41.1365526, 16.8382064 41.1365589))",way,,,
160,,,662532087,1547256471,,"{""alt_name"":""Masseria Martucci"",""description"":""Il Centro Studi Torre di Nebbia nasce nell\u2019autunno del 1988 con il progetto di costituire un Osservatorio Permanente sul territorio dell'Alta Murgia barese""}",1,,,,,,,Centro studi Torre di Nebbia,,,,,http://www.altramurgia.it/,community_centre,,,,"POLYGON ((16.4533849 40.8688014, 16.4534615 40.8689241, 16.4535232 40.8690287, 16.4538798 40.8695802, 16.4542057 40.8697313, 16.454435 40.8694494, 16.4543907 40.8694078, 16.4544263 40.8693637, 16.4544605 40.8693196, 16.4545423 40.8693328, 16.4547944 40.8690752, 16.4550613 40.8686939, 16.4547595 40.8684271, 16.4545381 40.8685782, 16.4543982 40.868454, 16.4543056 40.8683951, 16.454274 40.8683802, 16.4539509 40.8682275, 16.4539096 40.8682779, 16.4538181 40.8682344, 16.4536032 40.8685238, 16.4535523 40.8685786, 16.4533849 40.8688014))",way,,,
161,,,672492650,1551362560,,"{""material"":""marmor""}",2,,,,,,,Fontana monumentale,,,,,,fountain,,,,"POLYGON ((16.8607457 41.1228704, 16.8607372 41.1228595, 16.8607362 41.1228489, 16.8607405 41.1228361, 16.860755 41.1228272, 16.8607727 41.1228239, 16.8607912 41.1228257, 16.8607996 41.1228333, 16.8608076 41.1228454, 16.8608079 41.1228578, 16.8607996 41.1228681, 16.8607895 41.1228732, 16.8607818 41.1228767, 16.8607684 41.1228785, 16.860756 41.1228747, 16.8607457 41.1228704))",way,,,
162,,,703358884,1562847266,,,1,,,,,,,,,,,,,fountain,,,,"POLYGON ((17.119767 40.798484, 17.1197642 40.7984989, 17.1197708 40.7985131, 17.1197854 40.7985233, 17.1198045 40.7985272, 17.1198237 40.798524, 17.1198387 40.7985145, 17.1198463 40.7985008, 17.1198448 40.7984861, 17.1198303 40.7984707, 17.1198068 40.7984645, 17.1197828 40.7984695, 17.119767 40.798484))",way,,,
163,,,795750994,1587910098,,,2,,,,,,,,,,,,,fountain,,,,"POLYGON ((16.8789791 41.1205359, 16.8789655 41.1205404, 16.8789508 41.1205414, 16.8789363 41.1205387, 16.8789239 41.1205327, 16.8789147 41.1205239, 16.8789098 41.1205133, 16.8789097 41.1205022, 16.8789145 41.1204916, 16.8789235 41.1204827, 16.8789359 41.1204765, 16.8789502 41.1204737, 16.878965 41.1204746, 16.8789787 41.120479, 16.8789896 41.1204866, 16.8789968 41.1204964, 16.8789993 41.1205074, 16.8789969 41.1205184, 16.87899 41.1205283, 16.8789791 41.1205359))",way,,,
164,,,797371005,1588152612,,"{""screen"":""1"",""drive_in"":""no"",""open_air"":""yes"",""contact:facebook"":""https://www.facebook.com/CinemaAiriciclotteri/""}",4,,,,,,,Cinema Arena Airiciclotteri,Mth:Jun-Aug,,,,,cinema,,,,"POLYGON ((16.8472365 41.106892, 16.8474821 41.1069175, 16.8476604 41.106936, 16.847528 41.1065884, 16.8474409 41.1066111, 16.8473721 41.1066296, 16.8472629 41.1066592, 16.8472327 41.1066675, 16.8471839 41.1066804, 16.8472045 41.1067287, 16.8472264 41.1068316, 16.8472365 41.106892))",way,,,
165,,,818016444,1592732877,,"{""screen"":""4""}",1,Santeramo in Colle,49,,70029,Via Stazione,,Pixel Cinema,,,,,,cinema,,,,"POLYGON ((16.7599597 40.7990208, 16.7602489 40.798882, 16.7600922 40.7986948, 16.7598029 40.7988335, 16.7599597 40.7990208))",way,,yes,
166,,,847989917,1600256292,,,1,,,,,,,,,,,,,fountain,,,,"POLYGON ((16.8569219 41.1268419, 16.8569207 41.1267803, 16.856975 41.1267797, 16.8569762 41.1268413, 16.8569219 41.1268419))",way,,,
167,,,874848595,1605812721,,,1,,,,,,,,,,,,,fountain,,,,"POLYGON ((16.8458681 40.8963862, 16.8459018 40.8964023, 16.8459018 40.8964291, 16.8459336 40.8964478, 16.8459743 40.8964451, 16.8459973 40.896417, 16.8459867 40.8963929, 16.8459619 40.8963809, 16.8459407 40.8963836, 16.8459124 40.8963889, 16.8458823 40.8963702, 16.8459319 40.8963515, 16.845992 40.8963595, 16.8460274 40.8963849, 16.8460363 40.896421, 16.8460266 40.8964427, 16.8460044 40.8964705, 16.8459549 40.8964812, 16.8459124 40.8964772, 16.8458735 40.8964625, 16.845854 40.8964224, 16.8458681 40.8963862))",way,,,
168,,,925502768,1617445061,,,1,,,,,,,,,,,,,fountain,,,,"POLYGON ((16.7546712 40.7937793, 16.754663 40.7937925, 16.7546606 40.793807, 16.7546642 40.7938213, 16.7546736 40.793834, 16.7546876 40.793844, 16.7547051 40.7938502, 16.7547263 40.7938519, 16.754747 40.793848, 16.7547648 40.793839, 16.7547773 40.7938259, 16.7547833 40.7938104, 16.7547818 40.7937943, 16.7547732 40.7937795, 16.7547584 40.7937678, 16.7547392 40.7937607, 16.7547201 40.7937589, 16.7547012 40.7937616, 16.7546843 40.7937687, 16.7546712 40.7937793))",way,,,
