,changeset,lon,id,timestamp,lat,tags,version,addr:city,addr:housenumber,addr:postcode,addr:street,email,name,opening_hours,operator,phone,website,amenity,drinking_water,source,start_date,wikipedia,geometry,osm_type,building,building:levels,internet_access,addr:country
0,0.0,14.3438,298270500,1221864255,40.838863,,1,,,,,,Flaminio,,,,,cinema,,,,,POINT (14.343799591064453 40.838863372802734),node,,,,
1,0.0,13.908964,446160791,1581676595,40.74882,,3,,,,,,,,,,,fountain,,,,,POINT (13.908964157104492 40.74882125854492),node,,,,
2,0.0,14.240979,499479012,1593037567,40.836113,"{""toilets:wheelchair"":""yes"",""wheelchair"":""yes""}",6,,,,,,Cinema Filangieri,,,,,cinema,,,,,POINT (14.240979194641113 40.83611297607422),node,,,,
3,0.0,14.2429,499480400,1430936306,40.8359,"{""wheelchair"":""yes""}",6,,,,,,Cinema Metropolitan,,,,,cinema,,,,,POINT (14.242899894714355 40.835899353027344),node,,,,
4,0.0,14.239216,499480599,1550748258,40.837555,"{""wheelchair"":""limited"",""wikidata"":""Q37161715""}",4,,,,,,Cinema delle Palme,,,,,cinema,,,,,POINT (14.239215850830078 40.837554931640625),node,,,,
5,0.0,14.377787,679074648,1550748259,40.626347,"{""wikidata"":""Q37172195""}",3,,,,,,Armida,,,,http://www.armida.eu/,cinema,,,,,POINT (14.377786636352539 40.626346588134766),node,,,,
6,0.0,14.374976,679074657,1336496133,40.62725,,4,Sorrento,,,Piazza Sant'Antonino,,Teatro Tasso,,,,http://www.teatrotasso.com,theatre,,,,,POINT (14.37497615814209 40.62725067138672),node,,,,
7,0.0,14.487078,966077292,1288110579,40.951035,,2,,,,,,The Space Cinema,,,,,cinema,,,,,POINT (14.487077713012695 40.95103454589844),node,,,,
8,0.0,14.50108,1127223870,1346492567,40.747456,"{""wheelchair"":""yes""}",2,,,,,,Di Costanzo Mattiello,,,,,theatre,,,,,POINT (14.501079559326172 40.74745559692383),node,,,,
9,0.0,14.347723,1333984526,1308690655,40.804817,,1,,,,,,,,,,,fountain,,,,,POINT (14.347723007202148 40.80481719970703),node,,,,
10,0.0,14.39726,1342674960,1573320549,40.631195,,2,,,,,,,,,,,fountain,,,,,POINT (14.397259712219238 40.631195068359375),node,,,,
11,0.0,14.231647,1418558868,1488454055,40.845116,,4,,,,,,Plaza - ingresso Bernini,,,,,cinema,,,,,POINT (14.231646537780762 40.845115661621094),node,,,,
12,0.0,14.232484,1418558871,1488454055,40.845184,,4,,,,,,Plaza - ingresso Kerbaker,,,,,cinema,,,,,POINT (14.232483863830566 40.845184326171875),node,,,,
13,0.0,14.39019,1481651330,1632076608,40.908527,,2,,,,,,Teatro Cinema Gloria,,,,,cinema,,,,,POINT (14.390190124511719 40.90852737426758),node,,,,
14,0.0,14.483608,1631084455,1380360577,40.69608,,2,Castellammare di Stabia,50,80053,Via Regina Margherita,,Stabia Hall,,,,,cinema,,www.stabiahall.it,,,POINT (14.48360824584961 40.69607925415039),node,,,,
15,0.0,14.478284,1631087510,1380360576,40.694824,,2,Castellammare di Stabia,10,80053,Via Giuseppe Bonito,,Cinema Montil,,,,,cinema,,http://www.montil.it/,,,POINT (14.478283882141113 40.69482421875),node,,,,
16,0.0,14.482064,1632653526,1617443581,40.699512,,2,,,,,,Fontana del Vogatore,,,,,fountain,,,,,POINT (14.482064247131348 40.69951248168945),node,,,,
17,0.0,14.480623,1632653538,1329223002,40.69565,,1,,,,,,Fontana dei tritoni,,,,,fountain,,,,,POINT (14.480623245239258 40.695648193359375),node,,,,
18,0.0,14.485267,1632724675,1329226764,40.70195,,1,,,,,,,,,,,fountain,,,,,POINT (14.48526668548584 40.70195007324219),node,,,,
19,0.0,14.486289,1634200935,1329322198,40.695065,,1,,,,,,,,,,,fountain,,,,,POINT (14.486289024353027 40.695064544677734),node,,,,
20,0.0,13.857668,1654201977,1560803179,40.736507,,3,,,,,,Cinema Delle Vittorie,,,,,cinema,,,,,POINT (13.857667922973633 40.736507415771484),node,,,,
21,0.0,14.500716,1670760796,1331491544,40.74917,,1,,,,,,,,,,,fountain,,,,,POINT (14.500716209411621 40.749168395996094),node,,,,
22,0.0,14.358754,1704639198,1472936285,40.934017,,2,,,,,,Happy Maxicinema,,,,,cinema,,,,,POINT (14.35875415802002 40.934017181396484),node,,,,
23,0.0,14.172414,1767583555,1419447251,40.828312,,2,,,,,,Sorgente Termale,,,,,fountain,,,,,POINT (14.17241382598877 40.828311920166016),node,,,,
24,0.0,14.17246,1767583561,1419447221,40.828236,,2,,,,,,Sorgente Termale,,,,,fountain,,,,,POINT (14.172459602355957 40.8282356262207),node,,,,
25,0.0,13.952043,1879168101,1399293721,40.73868,"{""wheelchair"":""yes""}",2,Ischia,,80077,Via Francesco Sogliuzzo,,Cinema Excelsior,,,,,cinema,,,,,POINT (13.952042579650879 40.73868179321289),node,,,,
26,0.0,14.121102,1992963552,1351803172,40.822514,,1,,,,,,,,,,,fountain,,,,,POINT (14.121102333068848 40.822513580322266),node,,,,
27,0.0,14.353774,2003534718,1352413215,40.808506,,1,,,,,,,,,,,fountain,,,,,POINT (14.353774070739746 40.80850601196289),node,,,,
28,0.0,14.032141,2126186960,1359030457,40.76519,,1,,,,,,Procida Hall,,,,,cinema,,,,,POINT (14.032140731811523 40.76519012451172),node,,,,
29,0.0,14.175226,2335469506,1371479726,40.8181,,2,,,,,,,,,,,fountain,,,,,POINT (14.175226211547852 40.81809997558594),node,,,,
30,0.0,14.174556,2338747695,1489906338,40.80504,"{""description"":""Planetario 3D di Citt\u00E0 della Scienza, il pi\u00F9 grande e tecnologicamente avanzato d\u2019Italia.""}",4,Napoli,104,,Via Coroglio,contact@cittadellascienza.it,Planetario,"10:15, 11:00, 11:45, 12:30, 13:15, 14:00, 15:15, 16:00",,+39 081 7352 220,http://www.cittadellascienza.it/planetario/,planetarium,,,,,POINT (14.174555778503418 40.80503845214844),node,,,,
31,0.0,14.541977,2450293966,1413145600,40.628487,,2,,,,,,Casa dell'Acqua,,,,,fountain,yes,,,,POINT (14.541976928710938 40.62848663330078),node,,,,
32,0.0,14.54007,2450294126,1413145600,40.630096,,2,,,,,,,,,,,fountain,,,,,POINT (14.540069580078125 40.630096435546875),node,,,,
33,0.0,14.551195,2450332664,1384247567,40.64216,,2,,,,,,,,,,,fountain,,,,,POINT (14.55119514465332 40.64215850830078),node,,,,
34,0.0,14.54702,2450339287,1378633698,40.62859,,1,,,,,,,,,,,fountain,,,,,POINT (14.547019958496094 40.62858963012695),node,,,,
35,0.0,14.5429,2452227770,1378757930,40.631927,,1,,,,,,,,,,,fountain,,,,,POINT (14.542900085449219 40.631927490234375),node,,,,
36,0.0,14.544652,2452236150,1378758513,40.639507,,1,,,,,,,,,,,fountain,,,,,POINT (14.544651985168457 40.63950729370117),node,,,,
37,0.0,14.564822,2452237533,1378758705,40.6237,,1,,,,,,,,,,,fountain,,,,,POINT (14.56482219696045 40.62369918823242),node,,,,
38,0.0,14.572636,2454213243,1378912208,40.628765,,2,,,,,,,,,,,fountain,,,,,POINT (14.572635650634766 40.62876510620117),node,,,,
39,0.0,14.244401,2474922310,1380358381,40.547367,,1,,,,,,,,,,,fountain,,,,,POINT (14.244400978088379 40.547367095947266),node,,,,
40,0.0,14.072941,2478967537,1566739158,40.79919,,2,,,,,,Sala Matrimoni,,,,,events_venue,,,,,POINT (14.072940826416016 40.799190521240234),node,,,,
41,0.0,14.073006,2478967538,1566739158,40.799175,,2,,,,,,Sala Riunioni,,,,,events_venue,,,,,POINT (14.073005676269531 40.79917526245117),node,,,,
42,0.0,14.072923,2478967539,1566739158,40.799118,,2,,,,,,Sala del Sindaco,,,,,events_venue,,,,,POINT (14.072922706604004 40.79911804199219),node,,,,
43,0.0,14.257707,2554696331,1632139709,40.84306,"{""wikidata"":""Q3747387""}",4,,,,,,Fontana della Maruzza,,,,,fountain,,,,it:Fontana della Maruzza,POINT (14.257706642150879 40.84305953979492),node,,,,
44,0.0,14.1908245,2596818197,1388151051,40.8158,,1,,,,,,,,,,,fountain,,,,,POINT (14.190824508666992 40.815799713134766),node,,,,
45,0.0,14.237586,2636396622,1489236510,40.832943,"{""wikidata"":""Q16556438""}",2,,,,,,Fontana della Tazza di Porfido,,,,,fountain,,,,it:Fontana della Tazza di Porfido,POINT (14.23758602142334 40.832942962646484),node,,,,
46,0.0,14.237127,2636405112,1489236510,40.832462,"{""wikidata"":""Q3747427""}",2,,,,,,Fontana di Santa Lucia,,,,,fountain,,,1606,it:Fontana di Santa Lucia (Napoli),POINT (14.237127304077148 40.832462310791016),node,,,,
47,0.0,14.252504,2636412027,1489236510,40.85416,"{""wikidata"":""Q3076292""}",2,,,,,,Fontana del Tritone,,,,,fountain,,,1879,it:Fontana del Tritone (Piazza Cavour),POINT (14.252504348754883 40.85416030883789),node,,,,
48,0.0,14.207976,2643556606,1453132896,40.844036,,2,,,,,,,,,,,fountain,,,,,POINT (14.207976341247559 40.84403610229492),node,,,,
49,0.0,14.561221,2720636409,1578409452,40.971874,,2,,,,,,,,,,,fountain,no,,,,POINT (14.5612211227417 40.97187423706055),node,,,,
50,0.0,14.259618,2727906213,1489236511,40.848484,"{""wikidata"":""Q1002740""}",5,,,,,,Fontana della Sellaria,,,,,fountain,,,,it:Fontana della Sellaria,POINT (14.259617805480957 40.84848403930664),node,,,,
51,0.0,14.201452,2751946941,1633821841,40.804188,"{""wikidata"":""Q3747332""}",3,,,,,,Fontana degli Incanti,,,,,fountain,no,,,it:Fontana degli Incanti,POINT (14.201452255249023 40.8041877746582),node,,,,
52,0.0,14.220284,2751957099,1489236512,40.825726,"{""wikidata"":""Q3747357""}",2,,,,,,Fontana del Marinaretto,,,,,fountain,,,,it:Fontana del Marinaretto,POINT (14.220284461975098 40.82572555541992),node,,,,
53,0.0,14.2587385,2756681183,1489236512,40.84628,"{""alt_name"":""Fontana delle Zizze"",""wikidata"":""Q960980""}",4,,,,,,Fontana della Spinacorona,,,,,fountain,,,,it:Fontana della Spinacorona,POINT (14.25873851776123 40.84627914428711),node,,,,
54,0.0,14.257268,2757172497,1396299046,40.850117,,1,,,,,,,,,,,fountain,,,,,POINT (14.257267951965332 40.85011672973633),node,,,,
55,0.0,14.250791,2757402449,1489236512,40.845367,"{""wikidata"":""Q1002746""}",5,,,,,,Fontana di Monteoliveto,,,,,fountain,,,,it:Fontana di Monteoliveto,POINT (14.2507905960083 40.845367431640625),node,,,,
56,0.0,14.2516,2825008898,1398800052,40.849316,,1,,,,,,Cabaret Port'Alba,,,,,theatre,,,,,POINT (14.25160026550293 40.84931564331055),node,,,,
57,0.0,14.2646,2909391645,1489236514,40.850536,"{""wikidata"":""Q3747345""}",3,,,,,,Fontana del Capone,,,,,fountain,,,,it:Fontana del Capone,POINT (14.264599800109863 40.85053634643555),node,,,,
58,0.0,14.264583,2911515067,1402504752,40.854267,,1,,,,,,,,,,,fountain,,,,,POINT (14.264582633972168 40.85426712036133),node,,,,
59,0.0,14.264675,2914674963,1563211432,40.85384,"{""wikidata"":""Q1002739""}",5,,,,,,Fontana del Formello,,,,,fountain,,,,it:Fontana del Formiello,POINT (14.26467514038086 40.85383987426758),node,,,,
60,0.0,14.265588,2919064448,1402940909,40.85101,,1,,,,,,,,,,,fountain,,,,,POINT (14.26558780670166 40.851009368896484),node,,,,
61,0.0,14.250083,2960914895,1489236514,40.82972,"{""artist_name"":""Pietro Bernini"",""wikidata"":""Q1002734""}",5,,,,,,Fontana del Gigante (Immacolatella),,,,,fountain,,,,it:Fontana del Gigante,POINT (14.250082969665527 40.82971954345703),node,,,,
62,0.0,14.517525,3024493623,1613138657,40.69058,"{""bottle"":""yes"",""inscription"":""ALL'ARTE DELLE MAESTRANZE E DEGLI IMPRENDITORI CHE HANNO RESO GRAGNANO LA \""CITTA DELLA PASTA\"" NEL MONDO""}",4,,,,,,,,,,,fountain,yes,,,,POINT (14.517524719238281 40.69057846069336),node,,,,
63,0.0,14.522829,3024493624,1611504134,40.688286,"{""bottle"":""yes"",""inscription"":""ACQVA DELLA FORMA AGOSTO MCMLVI""}",5,,,,,,Asso di coppe,,,,,fountain,yes,,,,POINT (14.522829055786133 40.68828582763672),node,,,,
64,0.0,14.278858,3080470784,1410885714,40.93918,,1,,,,,,,,,,,theatre,,,,,POINT (14.278858184814453 40.939178466796875),node,,,,
65,0.0,13.872301,3099212102,1562366561,40.75216,,3,,,,,,Fontana alta,,,,,fountain,,,,,POINT (13.87230110168457 40.752159118652344),node,,,,
66,0.0,14.17025,3251108987,1419444710,40.82711,,1,,,,,,,,,,,fountain,,,,,POINT (14.170249938964844 40.827110290527344),node,,,,
67,0.0,14.173162,3251146000,1419447251,40.828236,,1,,,,,,Sorgente Termale,,,,,fountain,,,,,POINT (14.173162460327148 40.8282356262207),node,,,,
68,0.0,14.219607,3319968048,1489236518,40.828106,"{""wikidata"":""Q1002747""}",2,,,,,,Fontana del Leone,,,,,fountain,,,,it:Fontana del Leone,POINT (14.21960735321045 40.82810592651367),node,,,,
69,0.0,14.219234,3319968049,1489236518,40.823223,"{""tourism"":""attraction"",""wikidata"":""Q374012""}",2,,,,,,Fontana del Sebeto,,,,,fountain,,,,it:Fontana del Sebeto,POINT (14.219234466552734 40.82322311401367),node,,,,
70,0.0,14.273629,3370673182,1424804876,40.858276,,1,,,,,,,,,,,fountain,,,,,POINT (14.273629188537598 40.8582763671875),node,,,,
71,0.0,14.185925,3383254718,1425493876,40.842407,,1,,,,,,,,,,,fountain,,,,,POINT (14.185924530029297 40.8424072265625),node,,,,
72,0.0,14.27726,3389491555,1425830819,40.8565,,1,,,,,,,,,,,fountain,,,,,POINT (14.277259826660156 40.85649871826172),node,,,,
73,0.0,14.278545,3392901588,1426014897,40.856075,,1,,,,,,,,,,,fountain,,,,,POINT (14.278545379638672 40.856075286865234),node,,,,
74,0.0,14.220037,3427456755,1489236519,40.82892,"{""wikidata"":""Q589601""}",3,,,,,,Fontana della Sirena,,,,,fountain,,,,it:Fontana della Sirena,POINT (14.220037460327148 40.82891845703125),node,,,,
75,0.0,14.24645,3470238893,1489236519,40.865177,"{""tourism"":""attraction"",""wikidata"":""Q3747383""}",3,,,,,,Fontana della Duchessa Elena d'Aosta,,,,,fountain,,,,it:Fontana della Duchessa,POINT (14.246450424194336 40.865177154541016),node,,,,
76,0.0,14.2609625,3470238894,1489236520,40.846214,"{""wikidata"":""Q3747392""}",2,,,,,,Fontana della Pietra del Pesce,,,,,fountain,,,,it:Fontana della Pietra del Pesce,POINT (14.26096248626709 40.846214294433594),node,,,,
77,0.0,14.2644005,3470238895,1489236520,40.85052,"{""wikidata"":""Q3747395""}",2,,,,,,Fontana della Scapigliata,,,,,fountain,,,,it:Fontana della Scapigliata,POINT (14.264400482177734 40.850521087646484),node,,,,
78,0.0,14.248546,3470238896,1517410088,40.866165,"{""wikidata"":""Q3747412""}",3,,,,,,Fontana di Capodimonte,,,,,fountain,,,,it:Fontana di Capodimonte,POINT (14.24854564666748 40.86616516113281),node,,,,
79,0.0,14.3405905,3553494647,1571003072,40.81665,,2,,,,,,,,,,,fountain,,,,,POINT (14.340590476989746 40.816650390625),node,,,,
80,0.0,14.340478,3553498197,1571003072,40.81676,,2,,,,,,,,,,,fountain,,,,,POINT (14.34047794342041 40.8167610168457),node,,,,
81,0.0,14.249369,3636004966,1436138314,40.834427,,1,,,,,,,,,,,fountain,,,,,POINT (14.249368667602539 40.83442687988281),node,,,,
82,0.0,14.3622875,3750393937,1648144169,40.912228,,4,,,,,,Multisala Magic Vision,,,,,cinema,,,,,POINT (14.362287521362305 40.912227630615234),node,,,,
83,0.0,14.265396,3856277874,1489236523,40.846912,"{""wikidata"":""Q3747459""}",3,,,,,,Fontane-obelischi,,,,,fountain,,,,it:Fontane-obelischi,POINT (14.265396118164062 40.8469123840332),node,,,,
84,0.0,14.237246,3876198973,1449232405,40.833176,,1,,,,,,Flora Capitolina,,,,,fountain,,,,,POINT (14.237245559692383 40.83317565917969),node,,,,
85,0.0,14.236244,3876206554,1449232935,40.83325,,1,,,,,,,,,,,fountain,,,,,POINT (14.236244201660156 40.833248138427734),node,,,,
86,0.0,14.231189,3876206555,1531239651,40.832935,"{""wikidata"":""Q3777357""}",3,,,,,,Gruppo Europa,,,,,fountain,,,,it:Gruppo Europa,POINT (14.231188774108887 40.83293533325195),node,,,,
87,0.0,14.48773,3931783538,1452160971,40.682228,,1,,,,,,,,,,,fountain,,,,,POINT (14.487730026245117 40.682228088378906),node,,,,
88,0.0,14.488147,3931783539,1519130522,40.683304,,2,,,,,,,,,,,fountain,,,,,POINT (14.488146781921387 40.68330383300781),node,,,,
89,0.0,14.488649,3931783540,1452160971,40.683563,,1,,,,,,,,,,,fountain,,,,,POINT (14.488649368286133 40.683563232421875),node,,,,
90,0.0,14.462514,4014215631,1455873648,40.74959,"{""amenity_1"":""bar""}",1,,,,,,Vinci Game,,,,,casino,,,,,POINT (14.46251392364502 40.74959182739258),node,,,,
91,0.0,14.451358,4057967389,1484487682,40.753548,,2,Torre Annunziata,20,80058,Via Alfonso de Simone,,Planet Game,,,,,casino,,survey,,,POINT (14.4513578414917 40.75354766845703),node,,,,
92,0.0,14.450321,4058145960,1483127174,40.75441,"{""survey:date"":""2016-05-17""}",2,Torre Annunziata,226,80058,Corso Vittorio Emanuele III,,Circolo Sociale Metropoli,,,,,nightclub,,survey,,,POINT (14.450321197509766 40.75440979003906),node,,,,
93,0.0,14.445014,4095615750,1480686515,40.7568,"{""survey:date"":""2016-05-17""}",2,Torre Annunziata,14,80058,Piazza Ernesto Cesaro,,Poker Mania,,,,,casino,,survey,,,POINT (14.445013999938965 40.75680160522461),node,,,,
94,0.0,14.441525,4112403481,1481485602,40.754234,"{""survey:date"":""2016-05-17""}",2,Torre Annunziata,5,80058,Viale Guglielmo Marconi,,Oplonti Beachclub,,,+39 334 922 4813,,nightclub,,survey,,,POINT (14.44152545928955 40.754234313964844),node,,,,
95,0.0,14.228415,4147085366,1461600522,40.84309,,1,,,,,,Teatro Diana,,,,,theatre,,,,,POINT (14.228414535522461 40.84309005737305),node,,,,
96,0.0,14.216253,4151493293,1461768178,40.840115,,1,,,,,,Teatro Cilea,,,,,theatre,,,,,POINT (14.216253280639648 40.84011459350586),node,,,,
97,0.0,14.233562,4167297553,1462445022,40.834137,,1,,,,,,,,,,,fountain,,,,,POINT (14.233562469482422 40.834136962890625),node,,,,
98,0.0,14.177089,4172077389,1462650185,40.822018,,1,,,,,,Cinema The Space Napoli,,,,,cinema,,,,,POINT (14.177088737487793 40.822017669677734),node,,,,
99,0.0,14.229518,4172077391,1550748259,40.85287,"{""wikidata"":""Q37162181""}",3,,,,,,Cinema Vittoria,,,,,cinema,,,,,POINT (14.229517936706543 40.85287094116211),node,,,,
100,0.0,14.230207,4172077392,1462650185,40.849617,,1,,,,,,Cinema Teatro Acacia,,,,,cinema,,,,,POINT (14.230207443237305 40.84961700439453),node,,,,
101,0.0,14.22683,4172077401,1462650185,40.846066,,1,,,,,,Cinema Arcobaleno 3.0,,,,,cinema,,,,,POINT (14.226829528808594 40.846065521240234),node,,,,
102,0.0,14.237947,4172098341,1550748258,40.84546,"{""wikidata"":""Q37161586""}",3,,,,,,Cinema America Hall,,,,,cinema,,,,,POINT (14.237947463989258 40.845458984375),node,,,,
103,0.0,14.243047,4174698305,1545217188,40.8568,,3,,,,,,Teatro Bolivar,,,,,theatre,,,,,POINT (14.243046760559082 40.8568000793457),node,,,,
104,0.0,14.1748705,4176685634,1462894833,40.819508,,1,,,,,,Cinema La Perla,,,,,cinema,,,,,POINT (14.174870491027832 40.81950759887695),node,,,,
105,0.0,14.211473,4177279438,1462918049,40.835167,,1,,,,,,Teatro di Villa Patrizi,,,,,theatre,,,,,POINT (14.21147346496582 40.835166931152344),node,,,,
106,0.0,14.187347,4260452670,1577005768,40.801006,,2,,,,,,Virgilio Club,,,,,nightclub,,,,,POINT (14.187347412109375 40.80100631713867),node,,,,
107,0.0,14.348534,4279845751,1467536605,40.804825,,1,,,,,,,,,,,fountain,,,,,POINT (14.348533630371094 40.80482482910156),node,,,,
108,0.0,14.247131,4325621281,1469726939,40.86057,,1,,,,,,Nuovo Teatro Sanit√†,,,,,theatre,,,,,POINT (14.24713134765625 40.86056900024414),node,,,,
109,0.0,14.4264345,4330509733,1470034870,40.662346,,1,,,,,,Fontana piazza Umberto I,,,,,fountain,,,,,POINT (14.426434516906738 40.66234588623047),node,,,,
110,0.0,14.1237955,4330621799,1642270696,40.823456,"{""image"":""https://upload.wikimedia.org/wikipedia/commons/9/94/Villa_Avellino%2C_fontana_%28Pozzuoli%29.jpg""}",2,,,,,,,,,,,fountain,,,,,POINT (14.123795509338379 40.823455810546875),node,,,,
111,0.0,14.236321,4330685282,1470044921,40.837025,,1,,,,,,Teatro Sancarluccio,,,,,theatre,,,,,POINT (14.236321449279785 40.8370246887207),node,,,,
112,0.0,14.120104,4336658030,1637073436,40.82274,,2,,,,,,,,,,,fountain,,,,,POINT (14.12010383605957 40.82273864746094),node,,,,
113,0.0,14.266253,4340367750,1489236525,40.84697,"{""wikidata"":""Q3747459""}",2,,,,,,Fontane-obelischi,,,,,fountain,,,,it:Fontane-obelischi,POINT (14.266253471374512 40.84696960449219),node,,,,
114,0.0,14.398432,4847968349,1574633845,40.63169,,2,,,,,,,,,,,fountain,,,,,POINT (14.398431777954102 40.631690979003906),node,,,,
115,0.0,14.298342,4898296826,1496697917,40.907207,,1,,,,,,,,,,,fountain,,,,,POINT (14.298341751098633 40.90720748901367),node,,,,
116,0.0,14.290503,4898306924,1573216498,40.905685,,2,,,,,,,,,,,fountain,,,,,POINT (14.290502548217773 40.90568542480469),node,,,,
117,0.0,14.296938,5106811925,1505458435,40.92301,,1,,,,Via Don Bosco,,Gelsomino,,,,,theatre,,,,,POINT (14.296937942504883 40.923011779785156),node,,,,
118,0.0,14.235745,5157946193,1507586344,40.83236,,1,,,,,,Fontana di Lucio Papirio,,,,,fountain,,,,it:Fontana di Castore e Polluce,POINT (14.235745429992676 40.832359313964844),node,,,,
119,0.0,14.238915,5157946194,1507586344,40.83252,,1,,,,,,Fontana di Lucio Papirio,,,,,fountain,,,,it:Fontana di Lucio Papirio,POINT (14.23891544342041 40.83251953125),node,,,,
120,0.0,14.48274,5240968443,1511266468,40.699722,,1,,,,,,Supercinema,,,,,cinema,,,,,POINT (14.48274040222168 40.69972229003906),node,,,,
121,0.0,14.250651,5260065749,1512225330,40.83893,,1,Napoli,53;54;55,80133,Via Santa Brigida,,Slot-Ult,We-Mo 11:30-00:30,,,,gambling,,mapillary,,,POINT (14.250651359558105 40.83892822265625),node,,,,
122,0.0,13.858658,5264245894,1560782289,40.73658,,2,,,,,,,,,,,fountain,,,,,POINT (13.858657836914062 40.73657989501953),node,,,,
123,0.0,14.440067,5264798723,1517180640,40.761326,,2,,,,,,Fontana dello Scalone,,,,,fountain,,,,,POINT (14.440067291259766 40.76132583618164),node,,,,
124,0.0,14.442297,5265621253,1517180640,40.754444,,2,,,,,,Fontana della Villa Comunale,,,,,fountain,,,,,POINT (14.442296981811523 40.75444412231445),node,,,,
125,0.0,14.231593,5298897436,1550748259,40.845715,"{""wikidata"":""Q37162041""}",2,,,,,,Plaza,,,,,cinema,,,,,POINT (14.231593132019043 40.8457145690918),node,,,,
126,0.0,14.247517,5334831162,1550748249,40.842384,"{""wikidata"":""Q16612508""}",2,Napoli,16,80134,Via Montecalvario,,Teatro Nuovo,,,+39 081 4976267,http://www.teatronuovonapoli.it/,theatre,,mapillary,,,POINT (14.247516632080078 40.842384338378906),node,,,,
127,0.0,14.434037,5345531442,1516216964,40.77188,,1,,,,,,,,,,,fountain,,,,,POINT (14.434037208557129 40.771881103515625),node,,,,
128,0.0,14.216615,5354999437,1517133025,40.554493,,3,,,,,,,,,,,fountain,,,,,POINT (14.216614723205566 40.55449295043945),node,,,,
129,0.0,14.457957,5368795288,1517171280,40.77201,,1,,,,,,,,,,,fountain,,,,,POINT (14.45795726776123 40.772010803222656),node,,,,
130,0.0,14.464797,5369098473,1517180640,40.7492,,1,,,,,,Fontana di Piazza Imbriani,,,,,fountain,,,,,POINT (14.464797019958496 40.74919891357422),node,,,,
131,0.0,14.488181,5399346588,1611916646,40.94979,,2,,,,,,,,,,,fountain,,,,,POINT (14.488181114196777 40.949790954589844),node,,,,
132,0.0,14.437163,5403375321,1518261137,40.667294,"{""tourism"":""viewpoint""}",2,,,,,,,,,,,fountain,,,,,POINT (14.437163352966309 40.667293548583984),node,,,,
133,0.0,14.249403,5525954301,1522777229,40.851547,,1,,,,,,,,,,,fountain,,,,,POINT (14.24940299987793 40.85154724121094),node,,,,
134,0.0,14.389137,5855885853,1535184678,40.941105,,1,,,,,,,,,,,fountain,,,,,POINT (14.389137268066406 40.941104888916016),node,,,,
135,0.0,14.219736,6424012574,1556042487,40.863457,,1,,,,,,Teatro Paradiso,,,,,theatre,,,,,POINT (14.219736099243164 40.86345672607422),node,,,,
136,0.0,14.235295,6562157988,1561091640,40.84331,,1,,,,,,blues and blues,,,,,nightclub,,,,,POINT (14.235295295715332 40.84331130981445),node,,,,
137,0.0,14.264459,6562169185,1561091158,40.8545,,1,,,,,,lanificio25,,,,,nightclub,,,,,POINT (14.264458656311035 40.85449981689453),node,,,,
138,0.0,14.2528305,6562180085,1561091858,40.848396,,1,,,,,,galleria19,,,,,nightclub,,,,,POINT (14.252830505371094 40.84839630126953),node,,,,
139,0.0,14.262137,6564766586,1561217964,40.85899,,1,,,,,,Moses club,,,,,nightclub,,,,,POINT (14.262137413024902 40.85898971557617),node,,,,
140,0.0,14.245552,6565085786,1561236006,40.830555,,1,,,,,,strip club:rose my club,,,,,nightclub,,,,,POINT (14.245552062988281 40.8305549621582),node,,,,
141,0.0,14.250712,6565098885,1561235892,40.831547,,1,,,,,,Strip club:club21,,,,,nightclub,,,,,POINT (14.250712394714355 40.831546783447266),node,,,,
142,0.0,13.873369,6592254522,1562366561,40.75202,,1,,,,,,Specchio dell'anima,,,,,fountain,,,,,POINT (13.873369216918945 40.75202178955078),node,,,,
143,0.0,13.872379,6592254541,1562366561,40.75237,,1,,,,,,Fontana grande,,,,,fountain,,,,,POINT (13.872379302978516 40.75236892700195),node,,,,
144,0.0,14.174867,6680688285,1564874049,40.800716,,1,,,,,,,,,,,nightclub,,,,,POINT (14.174866676330566 40.800716400146484),node,,,,
145,0.0,14.27005,6875486599,1586110860,40.942226,,2,Frattamaggiore,46,80027,Via Michelangelo Lupoli,,Teatro De Rosa,,,+39 081 831 5522,,theatre,,,,,POINT (14.270050048828125 40.94222640991211),node,,,,
146,0.0,14.272573,6883204093,1624171977,40.852383,"{""level"":""1""}",5,,,,,,Freccia Club,,Trenitalia (Frecciarossa),+39 081 286996,https://www.trenitalia.com/tcom/Offerte-e-servizi/Freccia-Club,events_venue,,,,,POINT (14.272573471069336 40.85238265991211),node,,,,
147,0.0,14.284062,6937125183,1573635800,40.85772,,2,,,,,,The Wall,,,,,nightclub,,,,,POINT (14.284062385559082 40.85771942138672),node,,,,
148,0.0,14.272674,6982408062,1573903366,40.85196,,1,,,,,,Lounge Italo Club,,Italo,,https://www.italotreno.it/it/il-treno/lounge-italo-club,events_venue,,,,,POINT (14.272673606872559 40.851959228515625),node,,,,
149,0.0,14.190418,7078505839,1577051702,40.795612,,1,,,,,,Villa Imperiale,,,,,events_venue,,,,,POINT (14.190418243408203 40.79561233520508),node,,,,
150,0.0,14.183646,7078510975,1581650853,40.801205,,2,,,,,,Villa del Vecchio Pozzo,,,+39 081 769 1033,https://www.villadelvecchiopozzo.it/,events_venue,,,,,POINT (14.183646202087402 40.801204681396484),node,,,,
151,0.0,14.214031,7080523954,1577132378,40.82052,,1,,,,,,Nereidi,,,,,events_venue,,,,,POINT (14.214031219482422 40.820518493652344),node,,,,
152,0.0,14.215936,7080583724,1577132335,40.82208,,1,,,,,,Ondina Club,,,,,events_venue,,,,,POINT (14.215935707092285 40.822078704833984),node,,,,
153,0.0,14.219862,7082440682,1581650929,40.824234,,2,,,,,,Bar fly,,,,https://barflynapoli.it/,nightclub,,,,,POINT (14.21986198425293 40.82423400878906),node,,,,
154,0.0,14.24744,7149092760,1579620251,40.84818,,1,,,,,,Teatro Bracco,,,,,theatre,,,,,POINT (14.247440338134766 40.84817886352539),node,,,,
155,0.0,14.254645,7177239922,1580564607,40.849148,,1,,,,,,Boudoir,,,,,nightclub,,,,,POINT (14.254645347595215 40.84914779663086),node,,,,
156,0.0,14.248349,7296506291,1592733962,40.9357,"{""community_centre"":""village_hall"",""room"":""indoor""}",3,,,,,,Sala Savio,,,,,community_centre,,,,,POINT (14.2483491897583 40.935699462890625),node,,,,
157,0.0,13.90513,7296857246,1584283320,40.745598,"{""access"":""private"",""theatre:type"":""amphi""}",1,,,,,,,,,,,theatre,,,,,POINT (13.905130386352539 40.74559783935547),node,,,,
158,0.0,14.253405,7449210568,1587915157,40.84706,"{""community_centre"":""cultural_centre"",""contact:facebook"":""https://www.facebook.com/Concerti-a-Napoli-Domus-Ars-1031826013670258/""}",1,Napoli,10c,,Via Santa Chiara,infoeventi@domusars.it,Domus Ars,,,+39 081 34 25 603;+39 338 86 15 640,http://www.domusars.it/,community_centre,,,,,POINT (14.25340461730957 40.84706115722656),node,,,,
159,0.0,14.494385,7730545954,1595251278,40.705235,,2,,,,,,,,,,,fountain,,,,,POINT (14.494384765625 40.70523452758789),node,,,,
160,0.0,14.496794,7731140138,1595247862,40.70282,,1,,,,,,,,,,,fountain,,,,,POINT (14.496793746948242 40.70281982421875),node,,,,
161,0.0,14.496403,7731140139,1595247862,40.703125,"{""theatre:type"":""amphi""}",1,,,,,,,,,,,theatre,,,,,POINT (14.496402740478516 40.703125),node,,,,
162,0.0,14.4928,7731249055,1595251278,40.70348,"{""theatre:type"":""amphi""}",1,,,,,,,,,,,theatre,,,,,POINT (14.492799758911133 40.7034797668457),node,,,,
163,0.0,14.060171,7796688715,1596894197,40.819386,,1,,,,,,,,,,,fountain,,,,,POINT (14.060171127319336 40.81938552856445),node,,,,
164,0.0,14.064952,7834674309,1598095249,40.824448,,1,,,,,,,,,,,fountain,,,,,POINT (14.06495189666748 40.82444763183594),node,,,,
165,0.0,14.02959,7873500924,1599160734,40.916904,"{""historic"":""ruins"",""ruins"":""yes"",""theatre:type"":""amphi""}",1,,,,,,Anfiteatro di Liternum,,,,,theatre,,,,,POINT (14.029589653015137 40.91690444946289),node,,,,
166,0.0,14.101242,7938411590,1600959450,40.832287,"{""description"":""Comitato popolare per il recupero del bene abbandonato ex Convitto Monachelle.""}",1,,123M,,Via Raimondo Annecchino,,Comitato ex Convitto Monachelle,,,,https://www.monachelle.org,community_centre,,,,,POINT (14.101242065429688 40.8322868347168),node,,,,
167,0.0,14.48756,7984178582,1602061124,40.705112,,1,,,,,,Teatro Karol,,,,,theatre,,,,,POINT (14.487560272216797 40.70511245727539),node,,,,
168,0.0,14.480174,7985355054,1602084162,40.69108,,2,,,,,,Fontana di San Giacomo,,,,,fountain,yes,,,,POINT (14.48017406463623 40.691078186035156),node,,,,
169,0.0,14.532806,7997700004,1602439376,40.703747,,1,,,,,,,,,,,fountain,,,,,POINT (14.532806396484375 40.7037467956543),node,,,,
170,0.0,14.152586,8254917667,1608732963,40.919685,,1,,,,,,,,,,,fountain,,,,,POINT (14.152585983276367 40.91968536376953),node,,,,
171,0.0,14.071316,8278470789,1609417326,40.817642,,1,,,,,,,,,,,fountain,,,,,POINT (14.07131576538086 40.81764221191406),node,,,,
172,0.0,14.275908,8446464919,1614013697,40.941658,,1,,,,,,,,,,,fountain,,,,,POINT (14.275908470153809 40.94165802001953),node,,,,
173,0.0,14.0477085,8755273979,1621679655,40.82163,,1,,,,,,Vision,,,,,events_venue,,,,,POINT (14.047708511352539 40.82162857055664),node,,,,
174,0.0,14.290704,8891989554,1625387835,40.918423,,1,,,,,,Villa Egle Luxury Events,,,+39 351 094 22 62,http://villa.hotelbusinesscafe.it/,events_venue,,,,,POINT (14.290703773498535 40.91842269897461),node,,,,
175,0.0,14.262371,8891998547,1625388173,40.902115,"{""contact:facebook"":""https://www.facebook.com/villaermes1/""}",1,,,,,,Villa Ermes Luxury Events,,,,,events_venue,,,,,POINT (14.262371063232422 40.90211486816406),node,,,,
176,0.0,14.216381,9035556464,1629909207,40.946198,,1,,,,,,Golding,,,,,events_venue,,,,,POINT (14.216381072998047 40.946197509765625),node,,,,
177,0.0,14.21729,9035556465,1629909207,40.94449,,1,,,,,,Bukumba,,,,,events_venue,,,,,POINT (14.217289924621582 40.944488525390625),node,,,,
178,0.0,14.066193,9036417271,1629931871,40.79224,,1,,,,,,La Dimora di Gea,,,,,events_venue,,,,,POINT (14.066192626953125 40.792240142822266),node,,,,
179,0.0,14.063061,9036417272,1629931871,40.788654,,1,,,,,,Tibidabo,,,,,events_venue,,,,,POINT (14.063060760498047 40.78865432739258),node,,,,
180,0.0,14.396489,9068934742,1631269196,40.869434,,2,,,,,,,,,,,fountain,,,,,POINT (14.396489143371582 40.86943435668945),node,,,,
181,0.0,14.395868,9068934743,1630982682,40.86975,,1,,,,,,,,,,,fountain,,,,,POINT (14.395868301391602 40.8697509765625),node,,,,
182,0.0,14.39556,9069667401,1631001801,40.88829,,1,,,,,,,,,,,fountain,,,,,POINT (14.395560264587402 40.88829040527344),node,,,,
183,0.0,14.40311,9072219199,1631055153,40.86718,,1,,,,,,,,,,,fountain,,,,,POINT (14.403109550476074 40.86717987060547),node,,,,
184,0.0,14.438613,9074203192,1631269920,40.87199,,2,,,,,,,,,,,fountain,,,,,POINT (14.438612937927246 40.87199020385742),node,,,,
185,0.0,14.458002,9077619272,1631214698,40.925014,,1,,,,,,,,,,,fountain,,,,,POINT (14.458002090454102 40.92501449584961),node,,,,
186,0.0,14.273835,9193839735,1634925735,40.854034,,1,,,,,,Stelle Hotel The Businest,,,,,events_venue,,,,,POINT (14.273835182189941 40.854034423828125),node,,,,
187,0.0,14.283938,9193846654,1634925897,40.85814,,1,,,,,,Tiempo Centro Congressi,,,,,events_venue,,,,,POINT (14.28393840789795 40.85813903808594),node,,,,
188,0.0,14.244568,9200862471,1635188352,40.85365,,1,,,,,,Ex OPG,,,,,social_centre,,,,,POINT (14.24456787109375 40.8536491394043),node,,,,
189,0.0,14.433572,9238676433,1636480795,40.881416,,1,,,,,,,,,,,fountain,,,,,POINT (14.433571815490723 40.88141632080078),node,,,,
190,0.0,14.2542095,9283129062,1637845156,40.84739,,1,,,,Via San Giovanni maggiore Pignatelli,,Santa Fede Liberata,,,,,social_centre,,,,,POINT (14.254209518432617 40.847389221191406),node,,,,
191,0.0,14.138911,9288226518,1638022756,40.87824,,1,,,,,,,,,,,fountain,,,,,POINT (14.138911247253418 40.878238677978516),node,,,,
192,0.0,14.3710375,9327886134,1639159875,40.624763,,1,,,,,,,,,,,fountain,,,,,POINT (14.371037483215332 40.62476348876953),node,,,,
193,0.0,14.335565,9332888917,1639345164,40.86147,,1,,,,,,,,,,,fountain,,,,,POINT (14.335564613342285 40.86146926879883),node,,,,
194,0.0,14.409665,9353797158,1640028565,40.915913,,1,,,,,,,,,,,fountain,,,,,POINT (14.40966510772705 40.91591262817383),node,,,,
195,0.0,14.229763,9373103577,1640698027,40.833527,,1,,,,,,,,,,,gambling,,,,,POINT (14.22976303100586 40.833526611328125),node,,,,
196,0.0,14.173469,9373172220,1640875342,40.80526,,2,,,,,,,,,,,nightclub,,,,,POINT (14.173468589782715 40.805259704589844),node,,,,
197,0.0,14.213785,9376809171,1640876205,40.82031,,2,,,,,,,,,,,gambling,,,,,POINT (14.213785171508789 40.820308685302734),node,,,,
198,0.0,14.165976,9379363973,1640874641,40.812916,,1,,,,,,Arenile di Bagnoli,,,,,nightclub,,,,,POINT (14.165975570678711 40.81291580200195),node,,,,
199,0.0,14.1747465,9379367967,1640873697,40.80292,,1,,,,,,Never Mind,,,,,nightclub,,,,,POINT (14.1747465133667 40.802921295166016),node,,,,
200,0.0,14.16606,9381880838,1640957775,40.812138,,1,,,,,,Terraza Elegea,,,,,nightclub,,,,,POINT (14.166060447692871 40.812137603759766),node,,,,
201,0.0,14.208831,9381891874,1640957818,40.81573,,1,,,,,,Villa Mazzarella,,,,,events_venue,,,,,POINT (14.208830833435059 40.815731048583984),node,,,,
202,0.0,14.333277,9395604515,1641426971,40.851517,,1,,,,,,Cinema Teatro Pierrot,,,,,theatre,,,,,POINT (14.333276748657227 40.85151672363281),node,,,,
203,0.0,14.08158,9404425694,1641727442,40.79314,,1,,,,,,Villa Punta Pennata,,,,,events_venue,,,,,POINT (14.08158016204834 40.79314041137695),node,,,,
204,0.0,14.080566,9404425695,1641727442,40.79251,,1,,,,,,Villa Scalera,,,,,events_venue,,,,,POINT (14.08056640625 40.792510986328125),node,,,,
205,0.0,14.435396,9407926117,1641832191,40.914936,,1,,,,,,,,,,,fountain,,,,,POINT (14.435396194458008 40.91493606567383),node,,,,
206,0.0,14.435761,9407926144,1641832191,40.91798,,1,,,,,,Wonderwall,,,,,events_venue,,,,,POINT (14.435761451721191 40.9179801940918),node,,,,
207,0.0,14.219425,9408709425,1641856979,40.829063,,1,,,,,,Goldbet,,,,,gambling,,,,,POINT (14.219425201416016 40.829063415527344),node,,,,
208,0.0,14.386873,9471635878,1643894707,40.871887,,1,,,,,,,,,,,fountain,,,,,POINT (14.386873245239258 40.87188720703125),node,,,,
209,0.0,14.386806,9471635879,1643894707,40.871956,,1,,,,,,,,,,,fountain,,,,,POINT (14.386805534362793 40.87195587158203),node,,,,
210,0.0,14.227952,9501913521,1644722668,40.84021,,1,,122,,Via Aniello Falcone,,Cenacolo Belvedere,,,081 558 6261,https://www.cenacolobelvederecarafa.com,events_venue,,,,,POINT (14.227952003479004 40.8402099609375),node,,,,
211,0.0,14.274062,9569454958,1646939087,40.91123,,1,Arzano,,,Via Giuseppe Verdi,,Teatro Eduardo De Filippo,,,,http://www.teatroeduardo.it,theatre,,,,,POINT (14.274062156677246 40.91122817993164),node,,,,
212,0.0,14.075137,9611103736,1648398889,40.833527,,1,,,,,,Villa Espero,,,,,events_venue,,,,,POINT (14.0751371383667 40.833526611328125),node,,,,
213,0.0,14.061927,9611164801,1648400677,40.841465,,1,,,,,,La Sciarrera,,,,,events_venue,,,,,POINT (14.06192684173584 40.84146499633789),node,,,,
214,,,27783552,1541998020,,"{""historic"":""ruins"",""name:cs"":""Velk\u00E9 divadlo"",""name:de"":""Gro\u00DFes Theater"",""name:ko"":""\uD3FC\uD398\uC774 \uB300\uADF9\uC7A5"",""name:ru"":""\u0411\u043E\u043B\u044C\u0448\u043E\u0439 \u0442\u0435\u0430\u0442\u0440"",""tourism"":""attraction"",""wikidata"":""Q3982012""}",13,,,,,,Teatro Grande,,,,,theatre,,,,it:Teatro Grande (Pompei),"POLYGON ((14.4881725 40.7486027, 14.4880959 40.7486958, 14.4880841 40.7487089, 14.488056 40.7487647, 14.4880587 40.748837, 14.4880803 40.7488964, 14.4881139 40.7489461, 14.4881588 40.7489865, 14.4881826 40.7490007, 14.488222 40.7490243, 14.4882572 40.7490359, 14.4882933 40.7490478, 14.4883684 40.7490641, 14.4884584 40.7490639, 14.488548 40.7490453, 14.4885972 40.7490237, 14.4886317 40.7490085, 14.4886924 40.7489524, 14.4887096 40.7489315, 14.488716 40.7489238, 14.4887259 40.7489125, 14.4887313 40.7489067, 14.4887388 40.7488982, 14.4887201 40.7488887, 14.4881725 40.7486027))",way,yes,,,
215,,,28904348,1541995584,,"{""historic"":""ruins"",""name:cs"":""Mal\u00E9 divadlo"",""name:de"":""Kleines Theater"",""name:it"":""Teatro Piccolo (Odeion)"",""name:ko"":""\uD53C\uCF5C\uB85C \uADF9\uC7A5(\uC624\uB370\uC628)"",""name:ru"":""\u041C\u0430\u043B\u044B\u0439 \u0442\u0435\u0430\u0442\u0440 (\u041E\u0434\u0435\u043E\u043D)"",""tourism"":""attraction"",""wikidata"":""Q3982091""}",10,,,,,,Teatro Piccolo,,,,,theatre,,,,it:Teatro Piccolo (Pompei),"POLYGON ((14.4889584 40.7486781, 14.4888272 40.748816, 14.488801 40.7488435, 14.4888095 40.7488681, 14.4888211 40.7488903, 14.488834 40.7489122, 14.4888617 40.7489331, 14.4888906 40.7489486, 14.4889267 40.7489687, 14.4889504 40.7489742, 14.4889641 40.7489774, 14.4890075 40.7489834, 14.4890442 40.7489835, 14.4890701 40.7489846, 14.4890902 40.7489813, 14.4890943 40.7489807, 14.4892393 40.7488227, 14.4889584 40.7486781))",way,,,,
216,,,29403569,1624905604,,"{""name:fr"":""Th\u00E9\u00E2tre San Carlo"",""name:ko"":""\uC0B0 \uCE74\uB97C\uB85C \uADF9\uC7A5"",""name:ru"":""\u0442\u0435\u0430\u0442\u0440 \u0441\u0430\u043D \u041A\u0430\u0440\u043B\u043E"",""tourism"":""attraction"",""wikidata"":""Q628491""}",17,Napoli,98,80132,Via San Carlo,biglietteria@teatrosancarlo.it,Teatro di San Carlo,,,+39 081 7972331-412,http://www.teatrosancarlo.it/,theatre,,,,it:Teatro di San Carlo,"POLYGON ((14.2499117 40.8377569, 14.2497511 40.8376848, 14.2496655 40.837794, 14.249234 40.8376004, 14.249632 40.8370993, 14.2497376 40.8369641, 14.2497822 40.8369042, 14.2500073 40.8370057, 14.2503724 40.8371694, 14.2499117 40.8377569))",way,yes,,,
217,,,164629485,1578409452,,,4,,,,,,,,,,,fountain,no,,,,"POLYGON ((14.0463313 40.9310074, 14.0463061 40.9308649, 14.0464884 40.9308816, 14.0464664 40.9310169, 14.0463313 40.9310074))",way,,,,
218,,,164629486,1578409452,,,4,,,,,,,,,,,fountain,no,,,,"POLYGON ((14.0463376 40.9311213, 14.0463281 40.9310596, 14.0464538 40.9310715, 14.0464475 40.9311213, 14.0463376 40.9311213))",way,,,,
219,,,174048045,1640700084,,,3,,,,,,The Square,,,,,nightclub,,,,,"POLYGON ((14.1734112 40.8048199, 14.1734742 40.8046886, 14.1737062 40.8047381, 14.1735486 40.8051356, 14.1734697 40.8053346, 14.1733031 40.8052988, 14.1734968 40.8048403, 14.1734112 40.8048199))",way,yes,,,
220,,,224290082,1547655241,,"{""wheelchair"":""no""}",8,,,,,,Arena Flegrea,,,,,theatre,,,,,"POLYGON ((14.185181 40.8254165, 14.1854492 40.825384, 14.1856584 40.825384, 14.1859588 40.8254206, 14.1861734 40.8254855, 14.1863612 40.8255667, 14.1865489 40.8256682, 14.1866455 40.8257331, 14.1866991 40.8257981, 14.1866616 40.8259077, 14.1864602 40.826071, 14.1861359 40.8263339, 14.1861734 40.8263664, 14.1860071 40.8265125, 14.1859588 40.8265044, 14.1858355 40.8265531, 14.1857067 40.8265734, 14.1856048 40.8265774, 14.1854975 40.8265572, 14.1854117 40.8265287, 14.1853366 40.8264719, 14.1852615 40.8264354, 14.1852132 40.826342, 14.1851649 40.8262933, 14.1851428 40.8262449, 14.1851166 40.8261878, 14.1850683 40.8259442, 14.1851327 40.8259361, 14.1851386 40.8259387, 14.1852186 40.825932, 14.1851381 40.825587, 14.1852186 40.8255586, 14.185181 40.8254165))",way,yes,,,
221,,,225046853,1370949107,,,3,,,,,,Le Nuvole,,,,,theatre,,,,,"POLYGON ((14.1737511 40.8042096, 14.1737043 40.8043244, 14.1738545 40.804361, 14.174012 40.8039876, 14.1738563 40.8039506, 14.1737511 40.8042096))",way,yes,,,
222,,,225049472,1639479077,,"{""covered"":""no"",""theatre:type"":""amphi""}",4,,,,,,Anfiteatro,,,,,theatre,,,,,"POLYGON ((14.1748066 40.8058891, 14.1746645 40.805906, 14.1745906 40.8058858, 14.1745947 40.8058634, 14.1744419 40.8058045, 14.1743921 40.8057477, 14.1743533 40.8056745, 14.1744445 40.8056583, 14.1744338 40.805569, 14.1745155 40.8054777, 14.1746201 40.805429, 14.1747637 40.8054533, 14.1747369 40.8055304, 14.1747932 40.8055649, 14.1749488 40.8054654, 14.1749794 40.8054619, 14.1748066 40.8058891))",way,yes,,,
223,,,225050369,1586027776,,"{""wikidata"":""Q21196054""}",5,,,,,,Teatro Mediterraneo,,,,,theatre,,,,,"POLYGON ((14.1872533 40.8233151, 14.1871353 40.8236399, 14.1877093 40.8237657, 14.1876556 40.8239119, 14.1880741 40.8240093, 14.1883155 40.8233963, 14.1879524 40.8233079, 14.1879164 40.8232998, 14.1878541 40.8234573, 14.1872533 40.8233151))",way,yes,,,
224,,,225215533,1370942560,,,1,,,,,,Palapartenope,,,,,theatre,,,,,"POLYGON ((14.177446 40.8204917, 14.1774943 40.8205972, 14.1774552 40.8207093, 14.1774364 40.8208311, 14.1772111 40.8208656, 14.1772502 40.821058, 14.1772969 40.8210462, 14.177313 40.8210848, 14.1774326 40.8210539, 14.1774203 40.8210361, 14.1774836 40.8210072, 14.1775533 40.8210681, 14.17771 40.8211112, 14.1778001 40.8211047, 14.1778591 40.8211473, 14.1778843 40.8211396, 14.1779154 40.8211696, 14.1779744 40.8211635, 14.1780265 40.8211274, 14.1780656 40.8210702, 14.178079 40.8210316, 14.1780908 40.8210137, 14.1780211 40.8209407, 14.1780764 40.8208469, 14.1781756 40.8208672, 14.1783644 40.8203886, 14.1780211 40.8203947, 14.1779594 40.8201125, 14.1772744 40.8201466, 14.1773146 40.8203739, 14.1772674 40.8203784, 14.177261 40.8203557, 14.1767943 40.8204003, 14.1767578 40.8201815, 14.1765985 40.8201791, 14.1767353 40.8208672, 14.1769632 40.8208428, 14.1769697 40.8210056, 14.1769643 40.8210807, 14.1768999 40.8210868, 14.1768855 40.821125, 14.1771269 40.8211676, 14.1771253 40.8210746, 14.1770732 40.8210702, 14.1770652 40.820993, 14.1771269 40.820991, 14.1770544 40.8205729, 14.1773414 40.8205323, 14.1773253 40.8204673, 14.1774514 40.8204491, 14.1774552 40.8204129, 14.1774782 40.8204125, 14.1774729 40.8203577, 14.177541 40.8203541, 14.1775346 40.820307, 14.1775962 40.8202968, 14.1775828 40.8202014, 14.1776687 40.8201953, 14.1776874 40.8203394, 14.1777813 40.8203334, 14.1777894 40.8204308, 14.1778575 40.820419, 14.1778591 40.8204572, 14.1777733 40.8205018, 14.17771 40.8203865, 14.1775158 40.8204308, 14.177482 40.8204515, 14.1774836 40.8204754, 14.177446 40.8204917))",way,yes,,,
225,,,225540704,1469615684,,,3,,,,,,Auditorium Domenico Scarlatti,,,,,theatre,,,,it:Auditorium Rai di Napoli,"POLYGON ((14.1893148 40.8266579, 14.1894328 40.8263616, 14.1893765 40.8263518, 14.1894704 40.8261444, 14.1895106 40.826159, 14.1895455 40.8260616, 14.1899076 40.8261322, 14.1898834 40.8261813, 14.1899585 40.8262016, 14.1900068 40.826226, 14.1903153 40.8262357, 14.1902885 40.8264062, 14.190259 40.8264695, 14.1901704 40.8266234, 14.1898271 40.8264838, 14.1898137 40.8265081, 14.1897681 40.8264935, 14.1896769 40.8267289, 14.1893148 40.8266579))",way,yes,,,
226,,,225663965,1424535759,,,7,,,,,,Teatro dei Piccoli,,,,,theatre,,,,,"POLYGON ((14.1826173 40.8245837, 14.1824994 40.8247336, 14.1824833 40.8249223, 14.1821801 40.8248516, 14.18229 40.8247115, 14.1823061 40.8245309, 14.1824081 40.8245126, 14.1825529 40.824537, 14.1826173 40.8245837))",way,yes,,,
227,,,226364441,1371638280,,,3,,,,,,Porta del Parco,,,,,theatre,,,,,"POLYGON ((14.1764269 40.8168096, 14.1765878 40.8168725, 14.1766247 40.8168229, 14.1767118 40.8167057, 14.1768051 40.8165802, 14.1768587 40.8164543, 14.1767166 40.8163995, 14.1765396 40.8165863, 14.1764269 40.8168096))",way,yes,,,
228,,,226413172,1640700084,,,2,,,,,,Club Partenopeo,,,,,nightclub,,,,,"POLYGON ((14.1748615 40.8024111, 14.1748918 40.8024187, 14.1750039 40.8021642, 14.1746794 40.8020823, 14.1746439 40.8021628, 14.1747269 40.8021837, 14.1746502 40.8023578, 14.1748615 40.8024111))",way,yes,,,
229,,,227191055,1372093193,,,1,,,,,,,,,,,theatre,,,,,"POLYGON ((14.1638098 40.8209525, 14.1642202 40.8210359, 14.1642551 40.8210156, 14.1642899 40.8208185, 14.1642685 40.8207941, 14.163842 40.8207637, 14.1638098 40.8209525))",way,yes,,,
230,,,227554368,1424535756,,,3,,,,,,Teatro Troisi,,,,,theatre,,,,,"POLYGON ((14.1938531 40.8309482, 14.193923 40.8311289, 14.1940061 40.8310842, 14.1941669 40.8309969, 14.1942234 40.8309807, 14.1941803 40.8308792, 14.1940838 40.8308894, 14.1938531 40.8309482))",way,yes,,,
231,,,229319882,1373391736,,,1,,,,,,Il Piccolo,,,,,theatre,,,,,"POLYGON ((14.1950913 40.8229331, 14.1957293 40.8231634, 14.1957891 40.8230685, 14.1951512 40.8228381, 14.1950913 40.8229331))",way,theatre,,,
232,,,248001418,1643882927,,"{""name:ru"":""\u0444\u043E\u043D\u0442\u0430\u043D \u041D\u0435\u043F\u0442\u0443\u043D\u0430"",""wikidata"":""Q834138""}",6,,,,,,Fontana del Nettuno,,,,,fountain,,,,it:Fontana del Nettuno (Napoli),"POLYGON ((14.2512529 40.8400232, 14.2512405 40.840028, 14.2512292 40.8400341, 14.2512193 40.8400414, 14.2512111 40.8400499, 14.2512046 40.8400592, 14.2512001 40.8400691, 14.2511978 40.8400795, 14.2511975 40.84009, 14.2511994 40.8401004, 14.2512034 40.8401104, 14.2512094 40.8401199, 14.2512172 40.8401286, 14.2512268 40.8401362, 14.2512377 40.8401426, 14.2512499 40.8401477, 14.2512629 40.8401513, 14.2512765 40.8401533, 14.2512904 40.8401537, 14.2513042 40.8401525, 14.2513176 40.8401497, 14.2513306 40.8401453, 14.2513424 40.8401393, 14.2513529 40.840132, 14.2513617 40.8401235, 14.2513687 40.840114, 14.2513735 40.8401039, 14.2513762 40.8400933, 14.2513766 40.8400825, 14.2513747 40.8400718, 14.2513707 40.8400615, 14.2513645 40.8400517, 14.2513563 40.8400429, 14.2513464 40.8400351, 14.251335 40.8400286, 14.2513224 40.8400236, 14.2513089 40.8400201, 14.2512948 40.8400184, 14.2512806 40.8400183, 14.2512665 40.8400199, 14.2512529 40.8400232))",way,,,,
233,,,261422963,1550748257,,"{""wikidata"":""Q37161360""}",3,,,,,,Cinema Academy Astra,,,,,cinema,,,,,"POLYGON ((14.255367 40.8475705, 14.2554561 40.8474563, 14.2552461 40.8473549, 14.2551476 40.8474718, 14.255367 40.8475705))",way,yes,,,
234,,,262350565,1568928417,,"{""wheelchair"":""yes""}",5,Ischia,,80077,Via delle Ginestre,,,,,,,theatre,,,,,"POLYGON ((13.9410648 40.7338527, 13.9410695 40.7338612, 13.9410733 40.733868, 13.9410942 40.7339058, 13.9411619 40.7338883, 13.9412528 40.733914, 13.9412899 40.7339692, 13.9413151 40.7340093, 13.9412691 40.7341002, 13.9413717 40.73413, 13.9412854 40.734158, 13.9412471 40.7341289, 13.9410433 40.7341953, 13.9410201 40.7341794, 13.9409068 40.7339909, 13.9409709 40.7339724, 13.9409632 40.7339537, 13.9410264 40.733928, 13.9410149 40.7339075, 13.9409956 40.7338731, 13.941027 40.7338638, 13.9410648 40.7338527))",way,yes,,,
235,,,263363669,1403795131,,"{""wheelchair"":""no""}",2,Ischia,,80077,,,,,,,,fountain,,,,,"POLYGON ((13.9390948 40.7429364, 13.9391413 40.7429325, 13.939147 40.7429703, 13.9391005 40.7429744, 13.9390948 40.7429364))",way,yes,,,
236,,,269649658,1508000200,,,2,,,,,,"Centro Sociale ""Banchi Nuovi""",,,,,social_centre,,,,,"POLYGON ((14.2591226 40.8494358, 14.2593728 40.8495205, 14.2594031 40.8494688, 14.2593432 40.8494487, 14.2594068 40.8493399, 14.2594674 40.8493602, 14.2595078 40.8492935, 14.2592599 40.849208, 14.2591226 40.8494358))",way,yes,,,
237,,,270212726,1550748258,,"{""wikidata"":""Q37161991""}",4,,,,,,Modernissimo,,,,,cinema,,,,,"POLYGON ((14.2499837 40.8477813, 14.2505228 40.8477462, 14.2505818 40.8475494, 14.2500507 40.84759, 14.2499812 40.8476866, 14.2499837 40.8477813))",way,yes,,,
238,,,270725031,1550748230,,"{""wikidata"":""Q3982184""}",4,,,,,,Teatro Trianon,,,,,theatre,,,,it:Teatro Trianon (Napoli),"POLYGON ((14.263494 40.8503513, 14.2632472 40.8502905, 14.263134 40.8504465, 14.2632124 40.8505157, 14.2633808 40.8504871, 14.2634001 40.8505664, 14.2635128 40.8505461, 14.263494 40.8503513))",way,yes,,,
239,,,270951006,1496058632,,"{""wikidata"":""Q3981916""}",4,,,,,,Teatro Bellini,,,,,theatre,,,,it:Teatro Bellini (Napoli),"POLYGON ((14.2506972 40.8510859, 14.2510129 40.851115, 14.2510214 40.8510375, 14.2510535 40.8510395, 14.2510617 40.8508749, 14.2510004 40.8508637, 14.2510062 40.85081, 14.2508252 40.8507979, 14.2508225 40.8508212, 14.2507495 40.8508163, 14.2507285 40.8508142, 14.2506972 40.8510859))",way,yes,,,
240,,,271162653,1519224189,,"{""wikidata"":""Q3672510""}",5,,,,,,Sant'Angelo a Segno,,,,,theatre,,,,it:Chiesa di Sant'Angelo a Segno,"POLYGON ((14.2561474 40.8506322, 14.2562027 40.8506524, 14.2561414 40.8507459, 14.2560706 40.8508466, 14.2559514 40.8507994, 14.256053 40.8506526, 14.2560855 40.8506057, 14.2561224 40.8506204, 14.2561024 40.8506493, 14.2561284 40.8506596, 14.2561474 40.8506322))",way,public,,,
241,,,275421031,1397893908,,"{""wheelchair"":""no""}",1,,,,,,,,,,,fountain,,,,,"POLYGON ((13.9547325 40.7339824, 13.9547392 40.7339861, 13.9547439 40.7339913, 13.9547461 40.7339974, 13.9547455 40.7340036, 13.9547421 40.7340094, 13.9547365 40.734014, 13.9547291 40.7340169, 13.9547209 40.7340178, 13.9547128 40.7340166, 13.9547056 40.7340134, 13.9547006 40.7340089, 13.9546976 40.7340034, 13.954697 40.7339975, 13.9546989 40.7339918, 13.9547031 40.7339868, 13.9547091 40.7339831, 13.9547163 40.7339809, 13.9547246 40.7339806, 13.9547325 40.7339824))",way,,,,
242,,,290662429,1404215015,,,1,,,,,,,,,,,fountain,,,,,"POLYGON ((13.9439983 40.7420147, 13.9440242 40.7419901, 13.9440562 40.7419712, 13.9440817 40.7419604, 13.9440939 40.7419701, 13.9440791 40.7419847, 13.944041 40.7420105, 13.944012 40.7420263, 13.9439983 40.7420147))",way,yes,,,
243,,,302037572,1462696400,,,2,Pozzuoli,12,80078,Via Carlo Maria Rosini,,Cinema Sofia,,,+39 081 303 1114,http://www.multisalasofia.com/,cinema,,,,,"POLYGON ((14.1256193 40.8231828, 14.1256766 40.8233215, 14.1260569 40.8232249, 14.1259781 40.8230828, 14.1256193 40.8231828))",way,yes,,,
244,,,304176990,1516114566,,"{""natural"":""water""}",2,,,,,,,,,,,fountain,,,,,"POLYGON ((13.8846094 40.7539839, 13.8846021 40.7539749, 13.8845985 40.7539647, 13.884599 40.7539541, 13.8846034 40.753944, 13.8846115 40.7539354, 13.8846225 40.7539288, 13.8846355 40.753925, 13.8846494 40.7539241, 13.8846631 40.7539263, 13.8846754 40.7539314, 13.8846865 40.7539403, 13.8846931 40.7539515, 13.8846944 40.7539637, 13.8846903 40.7539755, 13.8846813 40.7539857, 13.8846684 40.753993, 13.8846529 40.7539967, 13.8846368 40.7539963, 13.8846217 40.7539919, 13.8846094 40.7539839))",way,,,,
245,,,305314707,1562363109,,,4,,,,,,Teatro greco,,,,,theatre,,,,,"POLYGON ((13.8725001 40.7530513, 13.8724952 40.7531198, 13.8724916 40.7531695, 13.8724872 40.7532299, 13.8725482 40.7532366, 13.8725993 40.7532324, 13.8726932 40.7532146, 13.8727629 40.7531909, 13.872731 40.7531423, 13.8727898 40.7531126, 13.8727824 40.7531047, 13.8727477 40.7530673, 13.8727051 40.7530242, 13.8726916 40.7530105, 13.8726937 40.7529805, 13.8726915 40.7529602, 13.8726893 40.7529404, 13.8726687 40.7529064, 13.8724887 40.7529464, 13.8724734 40.7529989, 13.8724848 40.7530337, 13.8725001 40.7530513))",way,yes,,,
246,,,307156343,1412948477,,,1,,,,,,,,,,,fountain,,,,,"POLYGON ((13.9074345 40.7480068, 13.9074283 40.7480087, 13.9074217 40.7480098, 13.907415 40.7480098, 13.9074083 40.7480089, 13.907402 40.7480071, 13.9073963 40.7480044, 13.9073914 40.7480009, 13.9073874 40.7479968, 13.9073845 40.7479922, 13.9073829 40.7479873, 13.9073824 40.7479822, 13.9073833 40.7479771, 13.9073854 40.7479723, 13.9073887 40.7479678, 13.907393 40.7479639, 13.9073983 40.7479607, 13.9074042 40.7479583, 13.9074107 40.7479568, 13.9074173 40.7479563, 13.907424 40.7479567, 13.9074305 40.7479581, 13.9074366 40.7479603, 13.9074419 40.7479634, 13.9074464 40.7479672, 13.9074498 40.7479716, 13.9074521 40.7479764, 13.9074532 40.7479815, 13.9074529 40.7479866, 13.9074514 40.7479915, 13.9074487 40.7479962, 13.9074449 40.7480004, 13.9074401 40.748004, 13.9074345 40.7480068))",way,,,,
247,,,317978666,1553367745,,,4,Pozzuoli,2/A,80078,Via Antiniana,,Duel Beat,,,+39 333 429 2254,https://www.duelbeat.it/,nightclub,,,,,"POLYGON ((14.1546027 40.8283507, 14.154809 40.8283672, 14.1548502 40.8280718, 14.1547244 40.8280618, 14.1546439 40.8280553, 14.1546027 40.8283507))",way,yes,,,
248,,,329669507,1424611767,,,1,,,,,,Teatro Tot√≤,,,,,theatre,,,,,"POLYGON ((14.2621249 40.8577736, 14.262001 40.8579225, 14.2621496 40.8579939, 14.2621907 40.8580126, 14.2624106 40.8581126, 14.2625312 40.8579722, 14.2621249 40.8577736))",way,yes,,,
249,,,329673946,1496058661,,"{""wikidata"":""Q3982131""}",3,,,,,,Teatro San Ferdinando,,,,,theatre,,,,it:Teatro San Ferdinando,"POLYGON ((14.2632442 40.8568942, 14.2633384 40.8569469, 14.2633598 40.8569226, 14.2635074 40.8569774, 14.2634779 40.8570098, 14.263508 40.8570234, 14.2634402 40.8571183, 14.263258 40.8570565, 14.263233 40.8571114, 14.2631614 40.8570889, 14.2631748 40.8570585, 14.2632124 40.8569855, 14.2631648 40.8569684, 14.2632442 40.8568942))",way,yes,,,
250,,,334155513,1550748232,,"{""alt_name"":""Torre Bassano Eventi"",""historic"":""tower"",""wikidata"":""Q3995527""}",3,Torre del Greco,1,80059,Traversa Bassano,,Torre Bassano,,,+39 081 883 5808,http://www.torrebassano.it,events_venue,,,,,"POLYGON ((14.3830988 40.7713056, 14.3832161 40.7712236, 14.3831163 40.7711417, 14.382999 40.7712236, 14.3830988 40.7713056))",way,yes,,,
251,,,340930063,1641426971,,"{""wikidata"":""Q37162014""}",3,,,,Via Angelo Camillo De Meis,,Cinema teatro Pierrot,,,,,cinema,,,,,"POLYGON ((14.3331781 40.8513599, 14.3332733 40.8511733, 14.3335912 40.8512555, 14.3334373 40.8515647, 14.3331231 40.8514817, 14.3331781 40.8513599))",way,yes,,,
252,,,343265712,1505010686,,"{""building:part"":""yes""}",2,,,,,,Teatro Sannazaro,,,,,theatre,,,,,"POLYGON ((14.2434516 40.8359766, 14.2434513 40.8361354, 14.2432407 40.8361351, 14.243241 40.8359763, 14.2434516 40.8359766))",way,,,,
253,,,358622539,1436105668,,,2,,,,,,Teatro Politeama,,,,,theatre,,,,,"POLYGON ((14.2445848 40.8349, 14.2445151 40.8348867, 14.2445061 40.8349375, 14.2441084 40.8349353, 14.2441164 40.8346895, 14.2440817 40.8346893, 14.2440839 40.8346241, 14.2441157 40.8346249, 14.2441167 40.8346059, 14.2441582 40.834606, 14.2441572 40.8346251, 14.2441976 40.8346253, 14.2442026 40.834509, 14.2445657 40.8345124, 14.2446093 40.8345133, 14.2445913 40.8347877, 14.2445848 40.8349))",way,yes,,,
254,,,387755192,1451097945,,,1,,,,,,,,,,,fountain,,,,,"POLYGON ((14.2302662 40.8388614, 14.2302481 40.838855, 14.2302341 40.8388437, 14.230227 40.8388295, 14.2302281 40.8388123, 14.2302383 40.8387972, 14.2302558 40.8387867, 14.2302777 40.8387826, 14.2302986 40.8387853, 14.2303165 40.8387942, 14.2303283 40.8388077, 14.230332 40.8388235, 14.2303261 40.8388408, 14.2303112 40.8388543, 14.23029 40.8388617, 14.2302662 40.8388614))",way,,,,
255,,,400565328,1512137168,,"{""fax"":""+39 081 400045"",""wikidata"":""Q3516747""}",3,Napoli,263,80132,Piazzetta Duca d'Aosta,teatroaugusteo@libero.it,Teatro Augusteo,,,+39 081 414243,http://www.teatroaugusteo.it,theatre,,,,it:Teatro Augusteo,"POLYGON ((14.248027 40.83898, 14.2479892 40.8389792, 14.2479867 40.8389247, 14.247931 40.8389258, 14.2478551 40.8390773, 14.2479568 40.8390707, 14.2479621 40.8391055, 14.2480329 40.8390995, 14.248027 40.83898))",way,yes,6,,
256,,,404427458,1480933404,,"{""source:geometry"":""bing""}",3,Torre Annunziata,374,80058,Corso Vittorio Emanuele III,,Cinema Politeama,,,+39 081 861 1737,http://www.cinematorreannunziata.it,cinema,,survey,,,"POLYGON ((14.4458486 40.756268, 14.4460081 40.7562201, 14.4459645 40.7561351, 14.4458039 40.7561819, 14.4458155 40.7562047, 14.4458486 40.756268))",way,yes,,,
257,,,410343794,1480019864,,,4,Torre Annunziata,42,80058,Via Prota,,Villa Tiberiade,,,+39 081 883 6450,http://www.villatiberiade.it,events_venue,,survey,,,"POLYGON ((14.4275101 40.7520263, 14.4277413 40.7520229, 14.4277408 40.7520012, 14.4278143 40.7520002, 14.4278128 40.7519426, 14.4279413 40.7519407, 14.4279385 40.7518309, 14.4275054 40.7518372, 14.4275101 40.7520263))",way,yes,,,
258,,,412687304,1461322098,,,1,,,,,,,,,,,fountain,,,,,"POLYGON ((14.1391715 40.8322798, 14.1391649 40.8322721, 14.1391553 40.8322664, 14.1391439 40.8322634, 14.1391317 40.8322632, 14.1391202 40.832266, 14.1391104 40.8322715, 14.1391035 40.832279, 14.1391 40.8322882, 14.1391008 40.8322978, 14.1391058 40.8323066, 14.1391143 40.8323137, 14.1391255 40.8323182, 14.139138 40.8323196, 14.1391505 40.8323178, 14.139161 40.8323132, 14.139169 40.8323063, 14.1391737 40.8322978, 14.1391746 40.8322887, 14.1391715 40.8322798))",way,,,,
259,,,414634088,1462021668,,,1,,,,,,,,,,,fountain,,,,,"POLYGON ((14.2298777 40.8321288, 14.2298486 40.8321144, 14.2298148 40.8321079, 14.2297801 40.8321102, 14.2297482 40.8321208, 14.2297227 40.8321388, 14.2297063 40.8321621, 14.2297009 40.8321879, 14.2297067 40.8322136, 14.2297233 40.8322366, 14.2297488 40.8322542, 14.2297804 40.8322647, 14.2298149 40.8322669, 14.2298484 40.8322605, 14.2298774 40.8322462, 14.2298987 40.8322257, 14.2299101 40.832201, 14.2299103 40.8321746, 14.2298991 40.8321497, 14.2298777 40.8321288))",way,,,,
260,,,415078446,1462278937,,,2,Pozzuoli,"161, 163",80078,Via Napoli,,Brusco Wine & Audio Room,,,,,nightclub,,,,,"POLYGON ((14.1551762 40.817882, 14.1553549 40.8180091, 14.1552651 40.8180816, 14.1550903 40.8179598, 14.1551762 40.817882))",way,yes,,,
261,,,416222575,1600678834,,"{""wheelchair"":""limited""}",5,,,,,,Bolivar,,,,,theatre,,,,,"POLYGON ((14.2430384 40.8567786, 14.2431806 40.8568669, 14.2431403 40.8568973, 14.2430009 40.8568162, 14.2430384 40.8567786))",way,yes,,,
262,,,431741464,1556736305,,,3,,,,,,Cinema delle Rose,,,,,cinema,,,,,"POLYGON ((14.409001 40.6317669, 14.4090034 40.6317205, 14.409227 40.6316733, 14.4093193 40.6317703, 14.4093725 40.6319464, 14.409305 40.6319587, 14.4090935 40.6320068, 14.409001 40.6317669))",way,yes,,,
263,,,444909403,1475844604,,"{""historic"":""building""}",2,Torre del Greco,917,80059,Via Nazionale,,Villa Prota,,,+39 081 847 3666,http://www.villaprota.it/,events_venue,,,,,"POLYGON ((14.4232807 40.7620674, 14.4233442 40.7622213, 14.423669 40.7621444, 14.4236467 40.7620902, 14.4235851 40.7621048, 14.4235621 40.7620492, 14.4234939 40.7620653, 14.4234757 40.7620212, 14.4232807 40.7620674))",way,yes,,,
264,,,498344652,1540642984,,,3,,,,,,Fontana Parco Europa,,,,,fountain,,,,,"POLYGON ((14.3817939 40.9500042, 14.3818581 40.949978, 14.3818524 40.9499141, 14.3817888 40.9499476, 14.3817939 40.9500042))",way,,,,
265,,,1332,1631556194,,"{""height"":""18.8""}",3,,,,,,Bingo,,,,,gambling,,,,,"POLYGON ((14.3409204 40.9014142, 14.3407782 40.9017702, 14.3408706 40.9017859, 14.3408725 40.901798, 14.3409769 40.9017833, 14.3411072 40.9014573, 14.3409204 40.9014142))",way,yes,,,
266,,,542292860,1511369936,,"{""historic"":""building"",""wikidata"":""Q4012702""}",1,Torre del Greco,21,80059,Via Villa delle Ginestre,villadelleginestre@villevesuviane.net,Villa delle Ginestre,,,+39 081 048 1245,http://www.villevesuviane.net/,events_venue,,,,it:Villa delle Ginestre,"POLYGON ((14.4143763 40.7772831, 14.4145657 40.7774674, 14.4143373 40.777602, 14.4141479 40.7774177, 14.4143763 40.7772831))",way,yes,,,
267,,,542466246,1511459254,,"{""fax"":""+39 081 5374181""}",1,Boscotrecase,56,80042,Via Ugo Foscolo,info@bluemarlinclub.it,Blue Marlin Club,,,+39 081 8585638,https://www.bluemarlinclub.it,events_venue,,,,,"POLYGON ((14.4524711 40.7735675, 14.4528008 40.7732105, 14.4538422 40.7731825, 14.4539315 40.7731918, 14.4539069 40.7736305, 14.4534601 40.7736235, 14.4534293 40.7740225, 14.4533246 40.7741321, 14.4532617 40.7743515, 14.4526388 40.7743314, 14.4526353 40.7745003, 14.4525235 40.7744858, 14.4522708 40.7744448, 14.4520829 40.7743748, 14.4522678 40.7738871, 14.4523571 40.7739151, 14.4524465 40.7737052, 14.452582 40.7737285, 14.452656 40.7735862, 14.4524711 40.7735675))",way,,,,
268,,,544568745,1512402967,,,1,,,,,,,,,,,fountain,,,,,"POLYGON ((13.9068832 40.7485783, 13.9068784 40.7485757, 13.9068681 40.7485756, 13.9068622 40.7485784, 13.9068561 40.7485733, 13.9068486 40.7485732, 13.9068488 40.7485658, 13.9068561 40.7485658, 13.906863 40.7485607, 13.9068661 40.7485639, 13.9068782 40.7485641, 13.9068828 40.7485606, 13.906889 40.7485661, 13.9068974 40.7485662, 13.9068973 40.7485737, 13.9068895 40.7485736, 13.9068832 40.7485783))",way,,,,
269,,,556771859,1517236836,,,1,,,,,,,,,,,fountain,,,,,"POLYGON ((14.1808701 40.7997234, 14.1808889 40.7997326, 14.1809184 40.7997376, 14.1809503 40.7997321, 14.1809725 40.7997136, 14.1809788 40.7996919, 14.1809774 40.7996686, 14.1809653 40.7996524, 14.1809546 40.7996463, 14.1808701 40.7997234))",way,,,,
270,,,556771860,1627715795,,,2,,,,,,,,,,,theatre,,,,,"POLYGON ((14.1803029 40.7992721, 14.1803179 40.799315, 14.1803513 40.7993513, 14.180399 40.7993769, 14.1804501 40.7993882, 14.1805032 40.799387, 14.1805532 40.7993733, 14.1805951 40.7993486, 14.1806249 40.7993152, 14.1806394 40.7992765, 14.1806374 40.7992363, 14.1806191 40.7991986, 14.1805861 40.799167, 14.1805418 40.7991447, 14.1804852 40.7991335, 14.180427 40.7991376, 14.180374 40.7991565, 14.1803328 40.7991879, 14.1803081 40.799228, 14.1803029 40.7992721))",way,yes,,,
271,,,556771884,1517236838,,,1,,,,,,,,,,,fountain,,,,,"POLYGON ((14.1809865 40.7985316, 14.1809826 40.7985369, 14.1809813 40.7985428, 14.1809826 40.7985488, 14.1809864 40.7985541, 14.1809924 40.7985581, 14.1809997 40.7985604, 14.1810077 40.7985608, 14.181015 40.7985592, 14.1810213 40.798556, 14.1810259 40.7985514, 14.1810284 40.798546, 14.1810284 40.7985403, 14.1810261 40.7985348, 14.1810217 40.7985301, 14.1810155 40.7985268, 14.1810079 40.7985251, 14.1809999 40.7985254, 14.1809925 40.7985276, 14.1809865 40.7985316))",way,,,,
272,,,556780941,1517239180,,,1,,,,,,,,,,,fountain,,,,,"POLYGON ((14.251547 40.834917, 14.2515499 40.8349412, 14.2515633 40.8349633, 14.2515855 40.8349808, 14.2516141 40.8349918, 14.251646 40.834995, 14.2516763 40.8349904, 14.2517031 40.8349788, 14.2517236 40.8349613, 14.2517357 40.8349397, 14.2517381 40.8349164, 14.2517306 40.8348937, 14.2517138 40.834874, 14.2516897 40.8348594, 14.2516607 40.8348513, 14.2516286 40.8348508, 14.251598 40.8348583, 14.2515725 40.8348731, 14.2515548 40.8348934, 14.251547 40.834917))",way,,,,
273,,,556780942,1517239180,,,1,,,,,,,,,,,fountain,,,,,"POLYGON ((14.2518901 40.8358735, 14.2518842 40.8358769, 14.251877 40.8358785, 14.2518696 40.8358781, 14.2518628 40.8358759, 14.2518574 40.835872, 14.2518541 40.835867, 14.2518532 40.8358614, 14.251855 40.835856, 14.2518591 40.8358513, 14.2518641 40.8358483, 14.2518701 40.8358466, 14.2518764 40.8358463, 14.2518826 40.8358474, 14.2518881 40.8358498, 14.2518924 40.8358534, 14.2518951 40.8358578, 14.251896 40.8358634, 14.2518942 40.8358688, 14.2518901 40.8358735))",way,,,,
274,,,556780943,1517239180,,,1,,,,,,,,,,,fountain,,,,,"POLYGON ((14.2506166 40.8353837, 14.2506253 40.8353836, 14.2506334 40.8353812, 14.25064 40.8353769, 14.2506443 40.8353712, 14.2506458 40.8353647, 14.2506442 40.8353582, 14.2506398 40.8353525, 14.2506331 40.8353483, 14.2506259 40.8353462, 14.2506182 40.8353458, 14.2506107 40.8353473, 14.2506041 40.8353504, 14.2505991 40.8353548, 14.2505961 40.8353602, 14.2505954 40.835366, 14.2505971 40.8353717, 14.2506016 40.8353774, 14.2506083 40.8353815, 14.2506166 40.8353837))",way,,,,
275,,,557378476,1517410086,,,1,,,,,,,,,,,fountain,,,,,"POLYGON ((14.2483925 40.8657933, 14.2483934 40.8658035, 14.2483987 40.865813, 14.2484078 40.8658207, 14.2484197 40.8658256, 14.2484331 40.8658274, 14.2484464 40.8658258, 14.2484582 40.865821, 14.2484674 40.8658136, 14.2484729 40.8658044, 14.2484742 40.8657943, 14.2484711 40.8657844, 14.248464 40.8657758, 14.2484536 40.8657694, 14.2484411 40.8657659, 14.2484277 40.8657656, 14.2484147 40.8657687, 14.2484038 40.8657748, 14.2483961 40.8657833, 14.2483925 40.8657933))",way,,,,
276,,,557378477,1517410086,,,1,,,,,,,,,,,fountain,,,,,"POLYGON ((14.2483856 40.8654821, 14.2483892 40.8654925, 14.2483971 40.8655014, 14.2484083 40.8655079, 14.2484216 40.8655113, 14.2484358 40.8655113, 14.2484493 40.8655077, 14.2484606 40.8655011, 14.2484683 40.865492, 14.2484717 40.8654814, 14.2484704 40.8654707, 14.2484645 40.8654608, 14.2484547 40.8654529, 14.248442 40.8654479, 14.2484278 40.8654464, 14.2484137 40.8654484, 14.2484014 40.8654536, 14.2483921 40.8654616, 14.2483866 40.8654715, 14.2483856 40.8654821))",way,,,,
277,,,557691869,1517501443,,,1,,,,,,,,,,,fountain,,,,,"POLYGON ((14.2277673 40.8494635, 14.2278095 40.8494676, 14.2278276 40.849462, 14.227837 40.8494255, 14.2278236 40.8494138, 14.2278001 40.8494103, 14.2277719 40.8494072, 14.2277585 40.8494123, 14.2277431 40.8494037, 14.227719 40.8494011, 14.2276989 40.8494098, 14.2276908 40.8494245, 14.2276915 40.8494412, 14.2277035 40.8494529, 14.227721 40.8494585, 14.2277398 40.8494579, 14.2277538 40.8494519, 14.2277605 40.84946, 14.2277673 40.8494635))",way,,,,
278,,,567800160,1571607665,,,2,,,,,,,,,,,theatre,,,,,"POLYGON ((14.2224906 40.8595318, 14.2224034 40.8593776, 14.2226976 40.8593741, 14.2227856 40.8593583, 14.2227843 40.859473, 14.2227118 40.8594699, 14.2226515 40.8595419, 14.2224906 40.8595318))",way,,,,
279,,,581194704,1524047730,,,1,,,,,,,,,,,fountain,,,,,"POLYGON ((13.891091 40.7523687, 13.8910775 40.7523703, 13.8910383 40.7523868, 13.8910651 40.7524206, 13.8911035 40.7524047, 13.891111 40.7523974, 13.8911148 40.7523896, 13.891113 40.7523827, 13.8911089 40.7523763, 13.8911006 40.7523714, 13.891091 40.7523687))",way,,,,
280,,,612805351,1533090772,,,1,,,,,,,,,,,fountain,,,,,"POLYGON ((14.3344257 40.8292034, 14.3344446 40.8292009, 14.3344626 40.8292058, 14.334475 40.8292169, 14.3344784 40.8292312, 14.3344719 40.8292448, 14.3344572 40.8292542, 14.3344383 40.8292567, 14.3344203 40.8292518, 14.3344079 40.8292407, 14.3344045 40.8292265, 14.334411 40.8292128, 14.3344257 40.8292034))",way,,,,
281,,,612805352,1533090772,,,1,,,,,,,,,,,fountain,,,,,"POLYGON ((14.3341957 40.8291517, 14.3342138 40.8291513, 14.3342298 40.8291578, 14.3342393 40.8291695, 14.3342398 40.8291832, 14.3342312 40.8291952, 14.3342158 40.8292024, 14.3341977 40.8292028, 14.3341818 40.8291963, 14.3341722 40.8291847, 14.3341717 40.829171, 14.3341803 40.8291589, 14.3341957 40.8291517))",way,,,,
282,,,612806879,1533091185,,"{""covered"":""no""}",1,,,,,,,,,,,theatre,,,,,"POLYGON ((14.3364769 40.8295003, 14.3366446 40.8293415, 14.3366888 40.829311, 14.3367257 40.8293029, 14.3367646 40.8293029, 14.3368095 40.8293166, 14.336841 40.8293333, 14.3368571 40.8293536, 14.3368665 40.829381, 14.3368679 40.8294074, 14.3368625 40.8294267, 14.3368303 40.8294617, 14.3366653 40.8296165, 14.3366593 40.8296134, 14.3365735 40.8295586, 14.3364769 40.8295003))",way,,,,
283,,,615910547,1533920267,,,1,Pozzuoli,,80078,Via Napoli,,Tonga,,,+39 338 952 4997,,nightclub,,,,,"POLYGON ((14.1485563 40.8188879, 14.1485551 40.8188074, 14.1487934 40.8188045, 14.1487946 40.8188869, 14.1485563 40.8188879))",way,yes,,,
284,,,616640578,1627413531,,,2,,,,,,,,,,,events_venue,,,,,"POLYGON ((14.1834158 40.8021493, 14.1833625 40.8020887, 14.1832238 40.8019827, 14.1832745 40.8019423, 14.1832438 40.8019121, 14.1832545 40.8018929, 14.1832771 40.8018828, 14.1833038 40.8018868, 14.1834732 40.8020191, 14.1834452 40.8020383, 14.1835025 40.8020837, 14.1834158 40.8021493))",way,yes,,,
285,,,616712923,1627413531,,,2,,,,,,Teatro Posillipo,,,,,theatre,,,,,"POLYGON ((14.1970285 40.8030445, 14.1969904 40.8030926, 14.1971395 40.8031731, 14.1971893 40.8031215, 14.1971303 40.8030943, 14.1971187 40.8030987, 14.1970817 40.8030803, 14.1970829 40.8030698, 14.1970285 40.8030445))",way,yes,,,
286,,,620369932,1535382316,,,1,,,,,,,,,,,fountain,,,,,"POLYGON ((14.3784552 40.9475537, 14.37846 40.9475676, 14.3784587 40.9475819, 14.3784513 40.9475951, 14.3784386 40.9476058, 14.378422 40.9476128, 14.3784033 40.9476153, 14.3783845 40.9476132, 14.3783677 40.9476065, 14.3783546 40.9475961, 14.3783467 40.947583, 14.3783448 40.9475687, 14.3783493 40.9475547, 14.3783595 40.9475425, 14.3783744 40.9475335, 14.3783923 40.9475287, 14.3784114 40.9475285, 14.3784295 40.9475331, 14.3784446 40.9475418, 14.3784552 40.9475537))",way,,,,
287,,,634138468,1611916646,,,3,,,,,,Fontana Piazza De Martino,,,,,fountain,,,,,"POLYGON ((14.5546371 40.867609, 14.5546436 40.8676133, 14.5546517 40.8676157, 14.5546603 40.867616, 14.5546682 40.8676142, 14.5546749 40.8676106, 14.5546798 40.8676056, 14.5546823 40.8675997, 14.5546823 40.8675935, 14.5546796 40.8675876, 14.5546746 40.8675827, 14.5546678 40.8675792, 14.5546599 40.8675775, 14.5546513 40.8675779, 14.5546433 40.8675804, 14.5546369 40.8675847, 14.5546327 40.8675905, 14.5546313 40.8675969, 14.5546329 40.8676034, 14.5546371 40.867609))",way,,,,
288,,,646993061,1563291850,,,2,Acerra,15,80011,Via Francesco Castaldi,,Teatro Italia,,Teatro Italia,,,theatre,,,,,"POLYGON ((14.3723225 40.9416584, 14.3722077 40.9418195, 14.3724786 40.9419289, 14.3725966 40.9417729, 14.3723225 40.9416584))",way,yes,,,
289,,,662518514,1641238727,,"{""wheelchair"":""yes""}",2,Brusciano,31,80031,Via Tirone,,Residence Bouganville,,,,,love_hotel,,,,,"POLYGON ((14.415825 40.9283043, 14.4159162 40.9288676, 14.4157231 40.9288899, 14.4156292 40.9283185, 14.415825 40.9283043))",way,yes,,,
290,,,676333165,1552415824,,,1,,,,,,Fontana di mezzo,,,,,fountain,,,,,"POLYGON ((14.2539244 40.8750547, 14.2539525 40.875059, 14.2539763 40.875071, 14.2539922 40.875089, 14.2539978 40.8751102, 14.2539922 40.8751314, 14.2539763 40.8751494, 14.2539525 40.8751614, 14.2539244 40.8751656, 14.2538964 40.8751614, 14.2538726 40.8751494, 14.2538567 40.8751314, 14.2538511 40.8751102, 14.2538567 40.875089, 14.2538726 40.875071, 14.2538964 40.875059, 14.2539244 40.8750547))",way,,,,
291,,,689521678,1557690653,,"{""theatre:type"":""amphi""}",1,,,,,,,,,,,theatre,,,,,"POLYGON ((14.5783055 40.8747264, 14.5782834 40.874744, 14.5782455 40.8747612, 14.5781886 40.8747683, 14.5781355 40.8747662, 14.5780758 40.8747526, 14.5780397 40.8747267, 14.5780274 40.874706, 14.5780179 40.8746812, 14.5780146 40.8746371, 14.5780184 40.8746023, 14.5780255 40.8745776, 14.5780402 40.8745482, 14.5780615 40.8745184, 14.5780933 40.8744959, 14.5781293 40.8744822, 14.5781772 40.8744708, 14.5782265 40.8744672, 14.5782706 40.8744682, 14.5783114 40.8744769, 14.5783432 40.8744962, 14.5783731 40.8745278, 14.5783849 40.8745514, 14.5783963 40.8745887, 14.5783958 40.8746124, 14.5783821 40.8746418, 14.578367 40.8746665, 14.5783329 40.8747036, 14.5783055 40.8747264))",way,,,,
292,,,689521686,1557690653,,,1,,,,,,,,,,,fountain,,,,,"POLYGON ((14.5785554 40.8746645, 14.5785463 40.8746513, 14.5785401 40.8746381, 14.5785351 40.874624, 14.5785358 40.8746186, 14.578539 40.8746129, 14.5785525 40.8746057, 14.5785678 40.8746001, 14.5785881 40.8745946, 14.5785961 40.8745941, 14.5786041 40.874595, 14.5786074 40.8745997, 14.5786089 40.8746044, 14.5786112 40.8746206, 14.5786117 40.8746363, 14.5786095 40.874653, 14.5786044 40.8746632, 14.5785943 40.8746688, 14.5785728 40.8746717, 14.5785554 40.8746645))",way,,,,
293,,,701441336,1562190688,,,1,,,,,,Fontana bassa,,,,,fountain,,,,,"POLYGON ((13.8729455 40.7519823, 13.8729375 40.7519839, 13.8729305 40.7519873, 13.8729253 40.7519921, 13.8729224 40.751998, 13.8729221 40.7520043, 13.8729244 40.7520103, 13.8729291 40.7520155, 13.8729362 40.7520194, 13.8729447 40.7520214, 13.8729535 40.7520211, 13.8729617 40.7520185, 13.8729683 40.7520141, 13.8729725 40.7520082, 13.8729738 40.7520015, 13.8729722 40.751995, 13.8729677 40.7519892, 13.8729614 40.7519851, 13.8729538 40.7519827, 13.8729455 40.7519823))",way,,,,
294,,,701441338,1562190688,,,1,,,,,,Fontana ottagonale,,,,,fountain,,,,,"POLYGON ((13.8725977 40.7522938, 13.8726031 40.7522921, 13.8726076 40.7522891, 13.8726107 40.7522853, 13.8726121 40.7522809, 13.8726117 40.7522765, 13.8726094 40.7522723, 13.8726051 40.7522686, 13.8725993 40.7522662, 13.8725929 40.7522654, 13.8725864 40.7522663, 13.8725808 40.7522688, 13.8725766 40.7522727, 13.8725744 40.7522774, 13.8725744 40.7522824, 13.8725767 40.752287, 13.8725809 40.7522908, 13.872586 40.7522932, 13.8725918 40.7522942, 13.8725977 40.7522938))",way,,,,
295,,,726071969,1568880774,,"{""theatre:type"":""amphi""}",1,,,,,,Anfiteatro Parco Taglia,,,,,theatre,,,,,"POLYGON ((14.2888546 40.9419485, 14.2888015 40.9418442, 14.2887626 40.9417132, 14.2887873 40.9415528, 14.2888546 40.9414486, 14.2889501 40.941347, 14.2890917 40.9412828, 14.2892545 40.9412347, 14.2893342 40.9412268, 14.2894173 40.9412186, 14.2894279 40.941355, 14.2895129 40.9414673, 14.2895447 40.9415742, 14.2895553 40.9416758, 14.289435 40.9418202, 14.2893288 40.9418843, 14.2891625 40.9419378, 14.2890209 40.9418977, 14.2888652 40.9419672, 14.2888546 40.9419485))",way,,,,
296,,,729497298,1636480795,,,2,Somma Vesuviana,,80049,Via Macedonia,,Agaji Ville,,,,,nightclub,,,,,"POLYGON ((14.4514958 40.8705644, 14.4514964 40.8704053, 14.4514253 40.8704061, 14.4514266 40.8704174, 14.4509341 40.8704434, 14.4509374 40.8705034, 14.4508912 40.870539, 14.4510017 40.870563, 14.4512565 40.8705676, 14.451255 40.8705641, 14.4514958 40.8705644))",way,yes,,,
297,,,729497863,1640009132,,,4,,,,,,Metropolitan,,,,,cinema,,,,,"POLYGON ((14.3994734 40.8692579, 14.3994781 40.8691501, 14.3994893 40.869031, 14.3994709 40.8689466, 14.3994891 40.8689341, 14.3994968 40.8688666, 14.3993197 40.8688515, 14.3993152 40.8689241, 14.3992913 40.8689931, 14.3992651 40.8690708, 14.3992689 40.8692445, 14.3993707 40.8692512, 14.3994734 40.8692579))",way,yes,,,
298,,,733281549,1570714658,,,1,,,,,,,,,,,theatre,,,,,"POLYGON ((14.3033999 40.967749, 14.3035943 40.9679078, 14.3036982 40.9679129, 14.3039137 40.9677611, 14.3038784 40.9677339, 14.3039652 40.9676713, 14.3038974 40.9676169, 14.3039782 40.9675633, 14.3038162 40.9674272, 14.3038731 40.967387, 14.3038466 40.9673643, 14.3037867 40.967409, 14.3036777 40.9673183, 14.3035581 40.9673986, 14.303505 40.9673578, 14.3034721 40.9673801, 14.3035281 40.967421, 14.3033515 40.967546, 14.3034311 40.9676096, 14.3033592 40.9676587, 14.3034328 40.9677222, 14.3033999 40.967749))",way,yes,,,
299,,,733923724,1609334307,,"{""community_centre"":""parish_hall""}",2,,,,,,Citt√† della Pace,,,,,community_centre,,,,,"POLYGON ((14.2000984 40.8968422, 14.200156 40.896971, 14.2002643 40.8969442, 14.2002015 40.8968049, 14.2000984 40.8968422))",way,yes,,,
300,,,734667003,1600364334,,,2,,,,,,Chiostro Sant'Agostino,,,,,community_centre,,,,,"POLYGON ((14.5222669 40.6920922, 14.522317 40.6920214, 14.5221216 40.6919419, 14.5222316 40.6917865, 14.5224272 40.691866, 14.5224422 40.6918448, 14.5221031 40.691707, 14.5219671 40.6918993, 14.5220554 40.6919352, 14.5220408 40.6919558, 14.5220802 40.6919718, 14.5220264 40.6920479, 14.5222375 40.6921337, 14.5222669 40.6920922))",way,,,,
301,,,736685709,1629741259,,,2,,,,,,Villa Aragonese,,,,,events_venue,,,,,"POLYGON ((14.0452909 40.8103369, 14.045143 40.8103462, 14.045026 40.8103535, 14.0450198 40.8104826, 14.0449831 40.8104835, 14.0449886 40.8106172, 14.045174 40.8106035, 14.0451619 40.8104855, 14.0452775 40.8104832, 14.0452909 40.8103369))",way,yes,,,
302,,,736686470,1612079953,,,2,Bacoli,15,80070,Via Spiaggia Romana,,Sohal Beach Events,,,,www.sohal.it,events_venue,,,,,"POLYGON ((14.0468579 40.8155334, 14.0468237 40.8155198, 14.0468074 40.8155235, 14.0466594 40.8155571, 14.0466761 40.8156194, 14.0466259 40.8156409, 14.0465943 40.8156774, 14.046587 40.8157215, 14.0466063 40.8157609, 14.0466576 40.815791, 14.0467019 40.8157995, 14.0467697 40.8157918, 14.0468347 40.8157325, 14.0468348 40.8156897, 14.0468488 40.8156892, 14.0468595 40.8157193, 14.0469187 40.815709, 14.0468887 40.815615, 14.0469071 40.8156104, 14.046906 40.8155525, 14.0468579 40.8155334))",way,yes,,,
303,,,736687044,1612080323,,,2,,,,,,Nabilah Beach Club,,,,,events_venue,,,,,"POLYGON ((14.0457133 40.8131678, 14.0457324 40.8131569, 14.0457259 40.8131502, 14.0456331 40.8130561, 14.045557 40.8130994, 14.0456563 40.8132002, 14.0457133 40.8131678))",way,yes,,,
304,,,736688432,1619275504,,,3,,,80070,Via Spiaggia Romana,,Puntaromana,,,+390818535104,https://www.puntaromana.it/,events_venue,,,,,"POLYGON ((14.0464903 40.8143205, 14.0465415 40.8142902, 14.0464713 40.8142389, 14.0464364 40.814183, 14.0464302 40.8141368, 14.0464412 40.8140579, 14.0463887 40.8140556, 14.046359 40.8141436, 14.046155 40.8141254, 14.0461481 40.8141908, 14.0460937 40.814219, 14.0460848 40.8142455, 14.0460854 40.8142744, 14.0461067 40.8142967, 14.0461352 40.8143115, 14.0461734 40.8143158, 14.0462027 40.8143139, 14.0462552 40.8143659, 14.0464184 40.8142524, 14.0464903 40.8143205))",way,yes,,,
305,,,736916807,1596189273,,"{""contact:facebook"":""https://www.facebook.com/Torre-San-Severino-205113606252640/""}",2,Giugliano in Campania,176,,Via San Nullo,,Torre San Severino,,,+39 081 804 30 30,https://torresanseverino.eu,events_venue,,,,,"POLYGON ((14.0706553 40.8790444, 14.0706067 40.8790928, 14.0713176 40.8794441, 14.0709256 40.8798082, 14.0708555 40.8797587, 14.0707287 40.8796783, 14.0707975 40.8796203, 14.0707617 40.8796019, 14.0708716 40.8795012, 14.0707528 40.8794359, 14.0706038 40.8795684, 14.0704243 40.8794625, 14.0705275 40.8793285, 14.0704119 40.8792695, 14.070303 40.8794026, 14.0702972 40.8794097, 14.070303 40.8794139, 14.0702762 40.8794446, 14.0703025 40.8794631, 14.0702783 40.8794895, 14.0702618 40.8794887, 14.0702495 40.879495, 14.0702444 40.8795053, 14.0702488 40.8795167, 14.0702496 40.8795176, 14.0702556 40.8795217, 14.0702564 40.8795221, 14.0702646 40.8795244, 14.0702654 40.8795244, 14.0702736 40.8795242, 14.0702816 40.8795217, 14.0702879 40.8795173, 14.0703761 40.8795744, 14.0709171 40.8799263, 14.0714556 40.8794361, 14.0706553 40.8790444))",way,yes,,,
306,,,736924767,1639216143,,,2,,,,,,Villa Anthea,,,,,events_venue,,,,,"POLYGON ((14.1130045 40.8411349, 14.1128365 40.8410686, 14.1128403 40.8410434, 14.1124117 40.8410069, 14.112386 40.8411821, 14.1125415 40.8412209, 14.1124755 40.8413271, 14.1126729 40.8414093, 14.1126926 40.841382, 14.1126534 40.8413649, 14.1128262 40.841146, 14.1129611 40.8411984, 14.1130045 40.8411349))",way,yes,,,
307,,,736933165,1609406547,,,2,,,,,,Le Boom Eventi,,,,,events_venue,,,,,"POLYGON ((14.0800345 40.8303713, 14.07981 40.8303201, 14.0797365 40.8305168, 14.0799629 40.8305636, 14.0800345 40.8303713))",way,yes,,,
308,,,736934142,1598095249,,,2,,,,,,Villa Il Soffione,,,,http://www.villailsoffione.com/,events_venue,,,,,"POLYGON ((14.0654686 40.8245032, 14.0656388 40.8244921, 14.0656331 40.8243235, 14.0655716 40.8243237, 14.0655747 40.8243846, 14.065472 40.8243873, 14.0654686 40.8245032))",way,yes,,,
309,,,736934145,1610133502,,,2,,,,,,Villa Epitaffio,,,,https://www.villaepitaffio.it/,events_venue,,,,,"POLYGON ((14.0766112 40.8242737, 14.0765064 40.8243585, 14.076493 40.824349, 14.0764662 40.8243707, 14.0764474 40.8243572, 14.0764038 40.8243924, 14.076448 40.8244239, 14.0764389 40.8244313, 14.0764891 40.824467, 14.0764477 40.8245006, 14.0765344 40.8245623, 14.0766554 40.8244641, 14.076641 40.8244538, 14.0767454 40.824369, 14.0766112 40.8242737))",way,yes,,,
310,,,749509910,1574698305,,,1,,,,,,,,,,,community_centre,,,,,"POLYGON ((14.4399686 40.6337688, 14.4400609 40.6339663, 14.4403646 40.6338839, 14.4402959 40.6337363, 14.4401834 40.6337665, 14.4402189 40.6338435, 14.4401526 40.6338615, 14.4401323 40.6338172, 14.4401012 40.6338258, 14.4400627 40.6337434, 14.4399686 40.6337688))",way,residential,,,
311,,,751446015,1575418877,,,3,,,,,,,,,,,cinema,,,,,"POLYGON ((14.2174083 40.5534964, 14.2177422 40.5533733, 14.2177504 40.5533863, 14.217803 40.5533668, 14.217792 40.5533494, 14.2180626 40.5532495, 14.2180061 40.5531605, 14.2179622 40.5531767, 14.2179265 40.5531203, 14.2177297 40.5531929, 14.2176957 40.5531392, 14.2175212 40.5532036, 14.2174819 40.5531415, 14.2174396 40.5531572, 14.2175623 40.5533506, 14.2174091 40.553407, 14.2174009 40.5533941, 14.2173543 40.5534113, 14.2174083 40.5534964))",way,,,,
312,,,772896993,1607710439,,"{""alt_name"":""Palazzo delle Monache"",""community_centre"":""parish_hall"",""opening_hours:signed"":""no"",""wheelchair"":""no""}",12,Casandrino,,80025,Via Papa Giovanni XXIII,,Palazzo delle Suore,,,,,community_centre,,,,,"POLYGON ((14.2474708 40.9358281, 14.2474701 40.9357705, 14.2475602 40.9357752, 14.2476119 40.9357771, 14.2476456 40.9357843, 14.2476895 40.9357952, 14.2477189 40.9357859, 14.2477425 40.935802, 14.2477756 40.9358021, 14.2477747 40.9357364, 14.2479595 40.9357364, 14.2480902 40.935743, 14.2481241 40.9357425, 14.2481314 40.9357933, 14.2481301 40.9358137, 14.2481962 40.9358159, 14.2481866 40.9359913, 14.2481495 40.9359916, 14.2478788 40.9360284, 14.2478487 40.936033, 14.2478 40.9360462, 14.2477457 40.9360516, 14.2477283 40.9359816, 14.2476339 40.9359861, 14.247608 40.9359874, 14.2474706 40.935994, 14.2474707 40.9359493, 14.2474707 40.9359154, 14.2474708 40.9358281))",way,,,no,
313,,,793285512,1587237469,,,1,,,,,,,,,,,fountain,,,,,"POLYGON ((14.2588925 40.9378746, 14.2588719 40.937919, 14.2589675 40.9379443, 14.2589881 40.9378999, 14.2588925 40.9378746))",way,,,,
314,,,803673922,1589453546,,,1,,,,,,,,,,,fountain,,,,,"POLYGON ((14.2727691 40.9424044, 14.2727809 40.942407, 14.2727876 40.9424149, 14.2727859 40.9424241, 14.2727733 40.942431, 14.2727584 40.9424277, 14.2727526 40.9424185, 14.272757 40.9424089, 14.2727691 40.9424044))",way,,,,
315,,,806208748,1589924680,,"{""theatre:type"":""amphi""}",1,,,,,,,,,,,theatre,,,,,"POLYGON ((14.2693085 40.9389305, 14.269309 40.9389589, 14.2693495 40.9390056, 14.2693988 40.9390321, 14.2694286 40.9390403, 14.2695091 40.9390463, 14.2695169 40.9389326, 14.269463 40.9389351, 14.2694259 40.9389232, 14.2694023 40.9388833, 14.2694102 40.9388596, 14.2693638 40.938831, 14.2693292 40.938835, 14.2693113 40.938863, 14.2693085 40.9389305))",way,,,,
316,,,837525287,1597565222,,"{""area"":""yes"",""contact:facebook"":""https://www.facebook.com/complessoatlantis/"",""leisure"":""water_park"",""old_name"":""Torre Carinati""}",1,,,,,,Atlantis Eventi,,,+39 333 599 51 86,,events_venue,,,,,"POLYGON ((14.0978369 40.9316319, 14.0984972 40.9316033, 14.0984835 40.9306835, 14.0977853 40.9306835, 14.0978369 40.9316319))",way,,,,
317,,,856437793,1602085104,,,1,,,,,,,,,,,fountain,yes,,,,"POLYGON ((14.5139552 40.6926301, 14.513946 40.6926372, 14.513934 40.6926416, 14.5139208 40.6926426, 14.5139091 40.6926406, 14.5138988 40.6926358, 14.513891 40.6926289, 14.5138864 40.6926205, 14.5138854 40.6926114, 14.5138882 40.6926025, 14.5138945 40.6925948, 14.5139037 40.6925889, 14.5139148 40.6925854, 14.5139268 40.6925847, 14.5139396 40.6925873, 14.5139505 40.692593, 14.5139582 40.6926012, 14.5139617 40.6926109, 14.5139607 40.6926209, 14.5139552 40.6926301))",way,,,,
318,,,856439252,1611504516,,"{""bottle"":""yes""}",2,,,,,,,,,,,fountain,yes,,,,"POLYGON ((14.5231238 40.6917351, 14.5231165 40.6917428, 14.5231064 40.6917483, 14.5230945 40.6917513, 14.523082 40.6917512, 14.5230693 40.6917478, 14.5230588 40.6917414, 14.5230518 40.6917326, 14.5230491 40.6917226, 14.523051 40.6917125, 14.5230574 40.6917034, 14.5230674 40.6916965, 14.5230798 40.6916926, 14.5230933 40.6916921, 14.5231053 40.6916947, 14.5231156 40.6917001, 14.5231232 40.6917076, 14.5231273 40.6917165, 14.5231275 40.691726, 14.5231238 40.6917351))",way,,,,
319,,,860197874,1602961346,,,1,,,,,,,,,,,fountain,no,,2019-12,,"POLYGON ((14.5005623 40.6940653, 14.5005556 40.6940739, 14.5005455 40.6940804, 14.5005332 40.6940841, 14.50052 40.6940846, 14.5005074 40.6940817, 14.5004966 40.694076, 14.5004889 40.6940678, 14.5004851 40.6940583, 14.5004856 40.6940483, 14.5004903 40.6940389, 14.5004988 40.6940313, 14.5005101 40.6940261, 14.500523 40.694024, 14.5005362 40.6940252, 14.500548 40.6940296, 14.5005574 40.6940366, 14.5005633 40.6940456, 14.500565 40.6940555, 14.5005623 40.6940653))",way,,,,
320,,,868770464,1621072012,,"{""name:en"":""Fountain of the Belvedere"",""name:fr"":""Fontaine du Belvedere"",""wikidata"":""Q16556435""}",3,,,,,,Fontana del Belvedere,,,,,fountain,,,,it:Fontana del Belvedere di Capodimonte,"POLYGON ((14.251014 40.866032, 14.250993 40.8660221, 14.2509774 40.8660075, 14.2509689 40.8659898, 14.2509684 40.865971, 14.250976 40.8659532, 14.2509909 40.8659381, 14.2510114 40.8659276, 14.2510354 40.8659226, 14.2510602 40.8659238, 14.2510831 40.865931, 14.2511017 40.8659435, 14.2511139 40.8659598, 14.2511185 40.8659783, 14.2511148 40.8659969, 14.2511034 40.8660136, 14.2510855 40.8660265, 14.2510629 40.8660344, 14.2510382 40.8660363, 14.251014 40.866032))",way,,,,
321,,,901557097,1611916646,,,1,,,,,,,,,,,fountain,,,,,"POLYGON ((14.4881565 40.9498684, 14.4881364 40.9498631, 14.4881181 40.9498551, 14.4881022 40.9498445, 14.4880893 40.9498319, 14.4880797 40.9498176, 14.488074 40.9498022, 14.4880723 40.9497862, 14.4880746 40.9497703, 14.4880809 40.949755, 14.488091 40.949741, 14.4881045 40.9497286, 14.4881208 40.9497184, 14.4881394 40.9497108, 14.4881596 40.9497059, 14.4881807 40.9497041, 14.4882018 40.9497054, 14.488223 40.9497099, 14.4882426 40.9497175, 14.4882599 40.9497279, 14.488274 40.9497408, 14.4882845 40.9497554, 14.4882909 40.9497714, 14.4882929 40.949788, 14.4882906 40.9498046, 14.4882839 40.9498204, 14.4882732 40.949835, 14.4882588 40.9498477, 14.4882414 40.9498579, 14.4882217 40.9498654, 14.4882003 40.9498697, 14.4881783 40.9498707, 14.4881565 40.9498684))",way,,,,
322,,,903825437,1612449807,,,1,,,,,,,,,,,fountain,,,,,"POLYGON ((14.0783031 40.7957243, 14.0783085 40.7957271, 14.0783124 40.795731, 14.0783143 40.7957357, 14.078314 40.7957406, 14.0783116 40.7957451, 14.0783073 40.7957488, 14.0783017 40.7957512, 14.0782953 40.795752, 14.0782894 40.7957513, 14.078284 40.7957492, 14.0782798 40.7957459, 14.0782771 40.7957419, 14.0782763 40.7957374, 14.0782773 40.7957329, 14.0782801 40.7957289, 14.0782845 40.7957257, 14.0782903 40.7957236, 14.0782968 40.7957232, 14.0783031 40.7957243))",way,,,,
323,,,914334438,1615110998,,,1,,,,,,,,,,,fountain,,,,,"POLYGON ((14.2309771 40.8322832, 14.230948 40.8322688, 14.2309142 40.8322623, 14.2308795 40.8322646, 14.2308476 40.8322752, 14.2308221 40.8322932, 14.2308057 40.8323165, 14.2308003 40.8323423, 14.2308061 40.832368, 14.2308227 40.832391, 14.2308482 40.8324086, 14.2308798 40.8324191, 14.2309143 40.8324213, 14.2309478 40.8324149, 14.2309768 40.8324006, 14.2309981 40.8323801, 14.2310095 40.8323554, 14.2310097 40.832329, 14.2309985 40.8323041, 14.2309771 40.8322832))",way,,,,
324,,,915625913,1615414981,,"{""area"":""yes"",""wikidata"":""Q3747386""}",1,,,,,,Fontana della Marinella al Carmine,,,,,fountain,,,,it:Fontana della Marinella,"POLYGON ((14.2669152 40.8458995, 14.2669153 40.8459024, 14.2669144 40.8459053, 14.2669124 40.8459079, 14.2669096 40.8459099, 14.2669061 40.8459113, 14.2669022 40.8459118, 14.2668983 40.8459115, 14.2668947 40.8459104, 14.2668916 40.8459085, 14.2668894 40.8459061, 14.266888 40.8459027, 14.2668882 40.8458992, 14.2668899 40.8458959, 14.2668931 40.8458933, 14.2668972 40.8458916, 14.2669018 40.845891, 14.2669064 40.8458916, 14.2669105 40.8458934, 14.2669135 40.8458961, 14.2669152 40.8458995))",way,,,,
325,,,972089789,1628628670,,,1,,,,,,,,,,,fountain,,,,,"POLYGON ((14.2692554 40.910972, 14.2692318 40.910973, 14.2692108 40.9109813, 14.2691961 40.9109953, 14.2691903 40.9110127, 14.2691944 40.9110303, 14.2692088 40.9110458, 14.2692307 40.9110552, 14.2692557 40.9110564, 14.2692801 40.9110487, 14.2692972 40.9110335, 14.2693033 40.9110141, 14.269297 40.9109947, 14.2692798 40.9109796, 14.2692554 40.910972))",way,,,,
326,,,980428265,1630993136,,,1,,,,,,,,,,,planetarium,,,,,"POLYGON ((14.2562637 40.8632391, 14.2562478 40.8632456, 14.2562301 40.8632479, 14.2562123 40.863246, 14.2561948 40.8632391, 14.2561814 40.8632282, 14.2561738 40.8632144, 14.2561728 40.8631995, 14.2561787 40.8631853, 14.2561905 40.8631734, 14.2562071 40.8631653, 14.2562263 40.863162, 14.2562442 40.8631634, 14.2562606 40.863169, 14.2562738 40.8631782, 14.2562826 40.8631901, 14.2562861 40.8632035, 14.2562838 40.863217, 14.2562761 40.8632293, 14.2562637 40.8632391))",way,yes,,,
327,,,988059388,1647789161,,,2,,,,,,,,,,,fountain,,,,,"POLYGON ((14.3449262 40.6111174, 14.3449289 40.6111153, 14.3449309 40.6111128, 14.344932 40.61111, 14.3449321 40.6111071, 14.3449312 40.6111042, 14.3449295 40.6111016, 14.3449269 40.6110994, 14.3449237 40.6110978, 14.3449201 40.6110968, 14.3449163 40.6110966, 14.3449125 40.611097, 14.344909 40.6110982, 14.3449059 40.6111, 14.3449036 40.6111023, 14.344902 40.611105, 14.3449015 40.6111079, 14.3449018 40.6111108, 14.3449031 40.6111135, 14.3449053 40.6111159, 14.3449082 40.6111179, 14.3449116 40.6111192, 14.3449154 40.6111198, 14.3449192 40.6111197, 14.3449229 40.6111189, 14.3449262 40.6111174))",way,,,,
328,,,1007780123,1638296585,,,1,,,,,,,,,,,fountain,,,,,"POLYGON ((14.5274483 40.9230613, 14.5274574 40.9230797, 14.5274738 40.9230949, 14.5274958 40.9231053, 14.5275218 40.9231099, 14.5275483 40.9231077, 14.5275723 40.9230991, 14.5275913 40.923085, 14.5276031 40.923067, 14.5276064 40.9230471, 14.5276009 40.9230274, 14.5275871 40.9230102, 14.5275665 40.9229974, 14.5275422 40.9229904, 14.5275162 40.9229898, 14.5274913 40.9229955, 14.5274702 40.9230069, 14.527455 40.9230229, 14.5274475 40.9230417, 14.5274483 40.9230613))",way,,,,
329,,,1014612515,1640265875,,,1,,,,,,,,,,,fountain,,,,,"POLYGON ((14.2014407 40.8042171, 14.2014301 40.804203, 14.201427 40.8041873, 14.2014312 40.8041734, 14.2014424 40.8041636, 14.2014586 40.8041578, 14.201486 40.8041583, 14.2015022 40.8041633, 14.2015155 40.8041713, 14.201526 40.8041833, 14.2015271 40.8041955, 14.2015243 40.804207, 14.2015173 40.8042171, 14.201505 40.8042229, 14.2014878 40.8042274, 14.201467 40.8042282, 14.2014537 40.804224, 14.2014407 40.8042171))",way,,,,
330,,,1022424950,1642547218,,,1,,,,,,,,,,,fountain,,,,,"POLYGON ((14.3525945 40.8010737, 14.3525875 40.8010836, 14.352584 40.8010962, 14.3525866 40.8011058, 14.3525923 40.8011111, 14.3526015 40.801114, 14.3526084 40.801113, 14.3526228 40.8011097, 14.3526355 40.8011045, 14.3526468 40.8010949, 14.3526529 40.8010876, 14.3526573 40.8010803, 14.3526582 40.8010718, 14.3526569 40.8010622, 14.3526534 40.8010569, 14.3526494 40.8010539, 14.3526372 40.8010526, 14.3526233 40.8010562, 14.3526071 40.8010625, 14.3525945 40.8010737))",way,,,,
331,,,1027383291,1643894707,,"{""theatre:type"":""amphi""}",1,,,,,,,,,,,theatre,,,,,"POLYGON ((14.3854013 40.8721072, 14.3854396 40.8721169, 14.3855531 40.8718615, 14.3855545 40.8718431, 14.385524 40.8718358, 14.385372 40.8718772, 14.3853105 40.8719311, 14.3853086 40.8720129, 14.3854013 40.8721072))",way,,,,
332,,,1036599686,1646237991,,,1,,,,,,,,,,,fountain,,,,,"POLYGON ((14.5005616 40.7491373, 14.500581 40.7491144, 14.5005084 40.7490829, 14.5005517 40.7490224, 14.5006649 40.7490761, 14.5006478 40.7491024, 14.5007538 40.7491461, 14.5007069 40.7492049, 14.5005616 40.7491373))",way,,,,
333,,,1036599687,1646237991,,,1,,,,,,,,,,,fountain,,,,,"POLYGON ((14.5011695 40.74629, 14.5012372 40.7463038, 14.5012459 40.7462792, 14.5011782 40.7462654, 14.5011695 40.74629))",way,,,,
334,,,1041975912,1647789161,,,1,,,,,,,,,,,fountain,,,,,"POLYGON ((14.3447211 40.6112094, 14.3447343 40.6111899, 14.3447919 40.6112299, 14.3447866 40.6112322, 14.3447648 40.6112387, 14.3447418 40.6112389, 14.3447299 40.6112328, 14.3447202 40.6112247, 14.3447211 40.6112094))",way,,,,
335,,,1042445334,1647899862,,,1,,,,,,,,,,,fountain,,,,,"POLYGON ((14.3438673 40.6118775, 14.3438623 40.6118712, 14.3438613 40.611864, 14.3438646 40.6118572, 14.3438714 40.6118521, 14.3438805 40.6118497, 14.34389 40.6118506, 14.3438981 40.6118545, 14.3439031 40.6118607, 14.3439041 40.611868, 14.3439008 40.6118748, 14.343894 40.6118799, 14.3438849 40.6118823, 14.3438754 40.6118814, 14.3438673 40.6118775))",way,,,,
336,,,1044504557,1648397695,,,1,,,,,,White Bunker,,,,,events_venue,,,,,"POLYGON ((14.0693223 40.8223248, 14.0693518 40.8222448, 14.0694073 40.822256, 14.0694132 40.822243, 14.0694708 40.8222549, 14.0694678 40.8222619, 14.0695381 40.8222772, 14.069512 40.8223471, 14.0694531 40.8223352, 14.0694309 40.8223866, 14.0694029 40.8223799, 14.0694 40.8223888, 14.0693715 40.8223903, 14.0693636 40.822333, 14.0693223 40.8223248))",way,yes,,,
337,0.0,,560974724,1477517747,,"{""leisure"":""garden"",""type"":""multipolygon""}",6,,,,,,,,,,,fountain,,,,,"POLYGON ((14.1872685 40.8273628, 14.1869171 40.827283, 14.1868527 40.8275225, 14.1868799 40.8276426, 14.1869278 40.8277417, 14.187009 40.8278156, 14.1871209 40.8278756, 14.1872242 40.8279146, 14.187357 40.8279365, 14.1874997 40.8279209, 14.1876037 40.8278878, 14.1877187 40.8278397, 14.1878286 40.827746, 14.1879304 40.8275164, 14.1876017 40.8274376, 14.1872685 40.8273628))",relation,,,,
338,0.0,,1214771562,1488683980,,"{""natural"":""water"",""type"":""multipolygon"",""wikidata"":""Q3747375""}",6,,,,,,Fontana dell'Esedra,,,,,fountain,,,,it:Fontana dell'Esedra (Napoli),"POLYGON ((14.1872685 40.8273628, 14.1872104 40.8275076, 14.1872173 40.8275588, 14.1872338 40.8275966, 14.1872802 40.827639, 14.1873187 40.8276562, 14.1873837 40.8276663, 14.1874179 40.8276639, 14.1874727 40.8276479, 14.1874965 40.8276347, 14.1875392 40.8275916, 14.1875548 40.8275664, 14.1876017 40.8274376, 14.1872685 40.8273628))",relation,,,,
339,0.0,,3756145837,1576663462,,"{""height"":""0.5 m"",""type"":""multipolygon"",""wikidata"":""Q3747349""}",3,,,,,,Fontana del Carciofo,,,,,fountain,,,,it:Fontana del Carciofo (Napoli),"POLYGON ((14.2487313 40.837145, 14.248718 40.8371473, 14.2487082 40.8371535, 14.2487023 40.8371625, 14.2487004 40.837176, 14.2486945 40.8371855, 14.2486875 40.8371936, 14.2486802 40.8372058, 14.2486815 40.8372184, 14.2486882 40.8372272, 14.2486992 40.8372336, 14.2487189 40.837236, 14.2487334 40.837234, 14.2487465 40.8372318, 14.2487609 40.8372313, 14.2487752 40.8372304, 14.2487934 40.8372243, 14.2488019 40.8372159, 14.2488053 40.8372061, 14.2488023 40.8371937, 14.2487911 40.8371834, 14.2487816 40.8371769, 14.2487726 40.8371689, 14.2487662 40.8371562, 14.2487574 40.8371487, 14.2487458 40.8371445, 14.2487313 40.837145), (14.2487324 40.8371505, 14.2487207 40.8371525, 14.2487121 40.8371585, 14.248707 40.8371664, 14.2487053 40.8371782, 14.2487001 40.8371865, 14.248694 40.8371936, 14.2486877 40.8372043, 14.248687 40.8372153, 14.248693 40.8372233, 14.2487043 40.8372286, 14.2487215 40.8372307, 14.2487342 40.8372289, 14.2487457 40.8372272, 14.2487583 40.8372265, 14.2487709 40.8372258, 14.2487868 40.8372205, 14.2487959 40.8372131, 14.248799 40.8372042, 14.2487946 40.8371937, 14.2487848 40.8371846, 14.2487764 40.8371789, 14.2487686 40.8371719, 14.2487629 40.8371608, 14.2487553 40.8371542, 14.2487451 40.8371501, 14.2487324 40.8371505))",relation,yes,,,
340,0.0,,7014410122,1513713839,,"{""full_name"":""Fondazione Quartieri Spagnoli"",""old_name"":""Istituto Montecalvario"",""type"":""multipolygon""}",5,Napoli,69,80132,Via Portacarrese a Montecalvario,,FOQUS Napoli,Mo-Fr 08:00-20:00,,+39 388 729 4869,https://www.foqusnapoli.it/,community_centre,,,,,"MULTIPOLYGON (((14.2455304 40.8425586, 14.246037 40.8424274, 14.2460241 40.8423967, 14.2459652 40.8422679, 14.2459481 40.8422307, 14.2458569 40.8420314, 14.2458095 40.8419277, 14.2457814 40.8418606, 14.2453002 40.8419048, 14.2453201 40.8419545, 14.2452749 40.841961, 14.2455304 40.8425586), (14.2455982 40.8423391, 14.2458077 40.8422882, 14.2458692 40.842433, 14.2456597 40.8424839, 14.2455982 40.8423391), (14.245382 40.8419571, 14.2456891 40.8419227, 14.2457844 40.8421479, 14.2454933 40.8422189, 14.245382 40.8419571)), ((14.2453135 40.8431861, 14.2456266 40.8431142, 14.2455362 40.8429222, 14.2453742 40.8429611, 14.2453274 40.8429789, 14.2452512 40.8429988, 14.2453135 40.8431861), (14.2453841 40.8430252, 14.2454763 40.8430053, 14.2455036 40.8430686, 14.2454152 40.8430885, 14.2453841 40.8430252)))",relation,yes,,,
341,0.0,,8260321223,1532123104,,"{""type"":""multipolygon""}",3,,,,,,,,,,,theatre,,,,,"POLYGON ((14.2473309 40.8606166, 14.247398 40.8605557, 14.2473685 40.8605395, 14.2473899 40.8605212, 14.2472907 40.8604563, 14.2471941 40.8604685, 14.2471345 40.8605048, 14.247113 40.8604865, 14.2469474 40.8605253, 14.2467677 40.8606064, 14.2466885 40.8606318, 14.2467987 40.8607702, 14.2467798 40.8607879, 14.2469541 40.8609117, 14.2470667 40.8608285, 14.2472639 40.8609381, 14.2473243 40.8608961, 14.2473014 40.8608752, 14.2473687 40.8607999, 14.2474573 40.8608435, 14.2475576 40.8607413, 14.2473309 40.8606166), (14.2470949 40.8607018, 14.2472263 40.8605983, 14.2471646 40.8605557, 14.2470332 40.8606653, 14.2470949 40.8607018))",relation,yes,,,
342,0.0,,13536928944,1517312885,,"{""type"":""multipolygon""}",1,,,,,,Arena Cinematografica,,,,,theatre,,,,,"POLYGON ((14.238932 40.8668128, 14.2389415 40.866968, 14.2390595 40.8669933, 14.23919424663019 40.86699928220119, 14.2391969 40.8669994, 14.2393343 40.8669872, 14.2393394 40.8671025, 14.2393962 40.8670992, 14.2394622 40.8670859, 14.2395284 40.8670599, 14.2395202 40.8670483, 14.239545 40.8670338, 14.2395794 40.8670102, 14.2395707 40.8670017, 14.2395915 40.8669868, 14.2396111 40.8669693, 14.2396281 40.8669497, 14.239543 40.8668962, 14.2395905 40.8668513, 14.2396663 40.8667737, 14.2397045 40.866689, 14.2397233 40.8665597, 14.2396844 40.866473, 14.238932 40.8668128))",relation,yes,,,
343,0.0,,18775838612,1543357583,,"{""type"":""multipolygon""}",1,,,,,,UCI Cinemas Casoria,,,,,cinema,,,,,"MULTIPOLYGON (((14.3159093 40.8978921, 14.3153912 40.897802, 14.3153647 40.8978785, 14.3151397 40.8978334, 14.3151043 40.8978367, 14.3151309 40.8977535, 14.314605 40.8976575, 14.3146586 40.8974825, 14.3147117 40.8974878, 14.314775 40.8972425, 14.3152371 40.8973289, 14.3152708 40.8973656, 14.3153122 40.8973956, 14.3153677 40.8974129, 14.3154179 40.8974154, 14.3154717 40.8974042, 14.3155232 40.8973801, 14.3160051 40.8974656, 14.3159226 40.8977026, 14.315959 40.8977098, 14.3159093 40.8978921)), ((14.3160194 40.8973967, 14.3161136 40.8970764, 14.3153583 40.8969372, 14.3154545 40.8971631, 14.3155098 40.8971832, 14.3155527 40.8972126, 14.3155671 40.8972358, 14.3155241 40.8972513, 14.3155446 40.8973054, 14.3156326 40.8973364, 14.3157943 40.8973704, 14.3160194 40.8973967)), ((14.3152539 40.8972668, 14.3152662 40.8972435, 14.3152887 40.8972111, 14.3150594 40.8970764, 14.3149755 40.8971693, 14.3148118 40.8971414, 14.3147954 40.8971909, 14.3152539 40.8972668)))",relation,yes,,,
344,0.0,,50036845940,1614074048,,"{""type"":""multipolygon"",""wikidata"":""Q3982061""}",1,Napoli,46,80133,Piazza Municipio,,Teatro Mercadante,,,,https://www.teatrostabilenapoli.it/,theatre,,,1778,it:Teatro Mercadante,"POLYGON ((14.2541881 40.8399312, 14.2542189 40.8399971, 14.2541545 40.8400133, 14.2542242 40.8401737, 14.2542832 40.8401493, 14.2543262 40.8400702, 14.2545568 40.8400194, 14.2545568 40.8400032, 14.254589 40.8399829, 14.2545622 40.8399342, 14.25442 40.8396379, 14.2540382 40.8397363, 14.2541038 40.8398773, 14.2541377 40.839945, 14.2541881 40.8399312))",relation,public,,,IT
