,changeset,lon,id,timestamp,lat,tags,version,addr:city,addr:country,addr:housenumber,addr:postcode,addr:street,email,name,opening_hours,operator,phone,ref,website,amenity,drinking_water,fountain,gambling,source,geometry,osm_type,building,start_date,wikipedia,building:levels
0,0.0,10.945913,250362881,1568204315,45.43851,,3,Verona,IT,6,37139,Via Brigata Aosta,,Cineteatro San Massimo,,,,,,theatre,,,,,POINT (10.945913314819336 45.43851089477539),node,,,,
1,0.0,10.960018,259776932,1621326447,45.455368,,4,,,,,,,,,,,,,stripclub,,,,,POINT (10.960018157958984 45.45536804199219),node,,,,
2,0.0,10.981938,262307626,1323161178,45.45667,"{""wheelchair"":""yes""}",3,,,,,,,Cinema Pindemonte,,,,,,cinema,,,,,POINT (10.981938362121582 45.456668853759766),node,,,,
3,0.0,10.840791,285962312,1346656934,45.350082,,3,,,,,,,Auditorium Comunale,,,,,,theatre,,,,,POINT (10.840790748596191 45.35008239746094),node,,,,
4,0.0,10.69978,382921329,1594212902,45.443012,,2,,,,,,,,,,,,,fountain,no,jet_water,,,POINT (10.699780464172363 45.44301223754883),node,,,,
5,0.0,10.987218,430386448,1246896364,45.536034,,2,,,,,,,Lavatoi,,,,,,fountain,,,,,POINT (10.987217903137207 45.536033630371094),node,,,,
6,0.0,10.994402,430717164,1246896349,45.54689,,2,,,,,,,,,,,,,fountain,,,,,POINT (10.994401931762695 45.54689025878906),node,,,,
7,0.0,10.852452,443804507,1551099550,45.647766,,3,,,,,,,,,,,,,fountain,yes,,,,POINT (10.852452278137207 45.64776611328125),node,,,,
8,0.0,11.208925,475604980,1340356353,45.380096,,3,,,,,,,Fontana,,,,,,fountain,,,,,POINT (11.208925247192383 45.380096435546875),node,,,,
9,0.0,10.8816185,586450098,1363947572,45.34656,,2,,,,,,,Teatro Parrocchiale,,,,,,theatre,,,,,POINT (10.88161849975586 45.346561431884766),node,,,,
10,0.0,10.776263,597270922,1512918981,45.71617,,2,,,,,,,,,,,,,fountain,,,,,POINT (10.776263236999512 45.71617126464844),node,,,,
11,0.0,11.154871,660739503,1593096776,45.644547,,2,,,,,,,Lavatoio Contrà Pagani,,,,,,fountain,yes,,,,POINT (11.154870986938477 45.64454650878906),node,,,,
12,0.0,10.784883,703787377,1409578317,45.45789,,3,,,,,,,Teatro Comunale Diego Martinelli,,,,,,theatre,,,,,POINT (10.784882545471191 45.457889556884766),node,,,,
13,0.0,11.032671,772960818,1320416056,45.438087,,2,,,,,,,Teatro Canossa,,,,,,theatre,,,,,POINT (11.032670974731445 45.438087463378906),node,,,,
14,0.0,10.722101,835598169,1339935853,45.547913,,2,,,,,,,,,,,,,cinema,,,,,POINT (10.722101211547852 45.54791259765625),node,,,,
15,0.0,10.751072,839123754,1368776776,45.599003,"{""historic"":""fountain"",""man_made"":""water_well""}",6,,,,,,,,,,,,,fountain,,,,,POINT (10.75107192993164 45.599002838134766),node,,,,
16,0.0,11.01416,848296034,1281138032,45.49571,,1,,,,,,,,,,,,,fountain,,,,,POINT (11.01416015625 45.49570846557617),node,,,,
17,0.0,11.036671,848502812,1281174690,45.46781,,1,,,,,,,,,,,,,fountain,,,,,POINT (11.036670684814453 45.467811584472656),node,,,,
18,0.0,11.05108,1107546559,1295271086,45.38056,,1,,,,,,,Astra,,,,,,theatre,,,,,POINT (11.051079750061035 45.38056182861328),node,,,,
19,0.0,10.992892,1152590532,1634314569,45.43968,"{""alt_name"":""Cinema Rivoli"",""wheelchair"":""limited""}",8,Verona,IT,10,37121,Piazza Brà,,Multisala Rivoli,,,+39 045 8032935,,http://www.multisalarivoli.it,cinema,,,,Survey,POINT (10.992892265319824 45.43967819213867),node,,,,
20,0.0,11.210205,1400461026,1313450501,45.593723,,1,,,,,,,,,,,,,fountain,,,,,POINT (11.210205078125 45.59372329711914),node,,,,
21,0.0,11.175181,1401600222,1313531505,45.21881,,1,,,,,,,Teatro di Asparetto,,,,,,theatre,,,,,POINT (11.17518138885498 45.21881103515625),node,,,,
22,0.0,11.211892,1402598138,1314571436,45.195232,,2,,,,,,,Cinema Mignon,,,,,,cinema,,,,,POINT (11.211892127990723 45.19523239135742),node,,,,
23,0.0,11.085827,1414369086,1621326447,45.41564,"{""contact:mobile"":""+39 339 645 4927"",""facebook"":""https://www.facebook.com/pages/category/Adult-Entertainment-Club/Al-Veleno-475087362700043/""}",3,San Martino Buon Albergo,,39,37036,Viale del Lavoro,,Al Veleno Night Club,"We,Th 22:30-04:00, Fr,Sa 22:30-05:00, Su 22:30-24:00",,,,https://alvelenonightclub.it/,stripclub,,,,,POINT (11.085826873779297 45.41564178466797),node,,,,
24,0.0,10.973502,1462387106,1358350632,45.42038,,2,,,,,,,Cinema Diamante,,,,,,cinema,,,,,POINT (10.973502159118652 45.420379638671875),node,,,,
25,0.0,11.005357,1740460012,1336148959,45.272614,,1,,,,,,,Cap. Bovo,,,,,,cinema,,,,,POINT (11.005356788635254 45.272613525390625),node,,,,
26,0.0,10.985721,1752492286,1481709735,45.417828,,4,Verona,IT,4,37135,Via Scuderlando,,Interzona,,,,,,nightclub,,,,,POINT (10.98572063446045 45.41782760620117),node,,,,
27,0.0,10.773586,1808869157,1341154069,45.601494,,1,,,,,,,,,,,,,fountain,,,,,POINT (10.77358627319336 45.60149383544922),node,,,,
28,0.0,11.083673,1861996382,1468744198,45.426132,,3,,,,,,,,,,,,,fountain,,,,,POINT (11.083672523498535 45.42613220214844),node,,,,
29,0.0,11.04713,1891308804,1346409664,45.38072,,1,,,,,,,,,,,,,fountain,,,,,POINT (11.04712963104248 45.38071823120117),node,,,,
30,0.0,10.822869,1910036767,1393412248,45.766457,,2,,,,,,,,,,,,,fountain,,,,,POINT (10.822869300842285 45.766456604003906),node,,,,
31,0.0,11.268611,1941683038,1568813264,45.39506,"{""wheelchair"":""yes""}",4,San Bonifacio,IT,7,37047,Via Guglielmo Marconi,,Cinema Teatro Centrale,,,,,,theatre,,,,,POINT (11.268610954284668 45.39506149291992),node,,,,
32,0.0,11.271215,1941683049,1568813264,45.396465,"{""wheelchair"":""yes""}",3,San Bonifacio,IT,9,37047,Corso Italia,,Cinema Cristallo,,,,,,cinema,,,,,POINT (11.271215438842773 45.39646530151367),node,,,,
33,0.0,10.946793,2035718408,1636977716,45.458218,"{""lottery"":""yes"",""name:signed"":""no"",""newspaper"":""yes"",""salt"":""yes"",""shop"":""tobacco"",""stamps"":""yes"",""toys"":""yes""}",6,Verona,IT,96,37139,Via Aeroporto Angelo Berardi,,,"Mo-Sa 07:00-13:00,15:30-19:30; Su 08:00-12:30",,+39 045 576639,,,gambling,,,,,POINT (10.946792602539062 45.45821762084961),node,,,,
34,0.0,11.069511,2104197477,1612289844,45.179558,,3,,,,,,,,,,,,,nightclub,,,,,POINT (11.069511413574219 45.17955780029297),node,,,,
35,0.0,10.778807,2111344179,1358198523,45.55283,,1,,,,,,,,,,,,,fountain,,,,,POINT (10.778806686401367 45.55282974243164),node,,,,
36,0.0,10.843613,2127863172,1375277746,45.348877,,2,,,,,,,,,,,,,fountain,,,,,POINT (10.843612670898438 45.348876953125),node,,,,
37,0.0,10.8476095,2190973787,1362737361,45.35045,,1,,,,,,,,,,,,,fountain,,,,,POINT (10.847609519958496 45.35044860839844),node,,,,
38,0.0,10.722108,2194151817,1362918414,45.547028,,1,,,,,,,,,,,,,fountain,,,,,POINT (10.722107887268066 45.547027587890625),node,,,,
39,0.0,10.958898,2247724710,1365061127,45.439297,,1,,,,,,,,,,,,,fountain,,,,,POINT (10.958897590637207 45.43929672241211),node,,,,
40,0.0,10.66485,2261837810,1365616027,45.449543,,1,,,,,,,Eldorado,,,,,,gambling,,,,,POINT (10.664850234985352 45.44954299926758),node,,,,
41,0.0,10.677711,2273462963,1366448521,45.441372,,1,,,,,,,,,,,,,gambling,,,slot_machines,,POINT (10.67771053314209 45.44137191772461),node,,,,
42,0.0,10.713729,2318440997,1369406838,45.45752,,1,,,,,,,,,,,,,fountain,,,,,POINT (10.713728904724121 45.45751953125),node,,,,
43,0.0,10.70854,2318493922,1369409433,45.4564,,1,,,,,,,,,,,,,fountain,,,,,POINT (10.708539962768555 45.45640182495117),node,,,,
44,0.0,10.734295,2364139491,1372406361,45.55399,,1,,,,,,,Hollywood,,,,,,nightclub,,,,,POINT (10.734294891357422 45.55398941040039),node,,,,
45,0.0,10.97644,2381215266,1386619679,45.443275,"{""note"":""Aperto solo durante il periodo estivo"",""wheelchair"":""yes""}",2,,,,,,,Arena estiva Fiume,,,,,,cinema,,,,,POINT (10.9764404296875 45.443275451660156),node,,,,
46,0.0,11.030053,2405176965,1504649807,45.623234,,2,,,,,,,Teatro Vittoria,,,,,,theatre,,,,,POINT (11.03005313873291 45.623233795166016),node,,,,
47,0.0,10.841162,2407813146,1375703845,45.40827,,1,,,,,,,,,,,,,cinema,,,,,POINT (10.841161727905273 45.40827178955078),node,,,,
48,0.0,10.8535795,2432288033,1578409452,45.676594,,2,,,,,,,,,,,,,fountain,yes,,,,POINT (10.8535795211792 45.67659378051758),node,,,,
49,0.0,10.899685,2473204031,1380268414,45.561207,,1,,,,,,,,,,,,,fountain,,,,,POINT (10.89968490600586 45.56120681762695),node,,,,
50,0.0,11.0432415,2700454060,1431026850,45.434063,,3,,,,,,,,,,,,,fountain,,,,,POINT (11.043241500854492 45.43406295776367),node,,,,
51,0.0,10.992971,2710784737,1432487478,45.410614,,2,,,,,,,Teatro Blu,,,,,,theatre,,,,,POINT (10.992971420288086 45.410614013671875),node,,,,
52,0.0,10.888866,2987429785,1437384945,45.432076,"{""historic"":""memorial""}",2,,,,,,,,,,,,,fountain,,,,,POINT (10.888866424560547 45.43207550048828),node,,,,
53,0.0,10.864513,2989532864,1643800087,45.43947,,6,Lugagnano di Sona,IT,1,37060,Via Trentino,,The Space Cinemas,,,,,http://www.thespacecinema.it/portal/default/cinema/verona#!tab=programmazione,cinema,,,,,POINT (10.864513397216797 45.43946838378906),node,,,,
54,0.0,11.23754,3202006816,1416767950,45.527252,,1,,,,,,,Teatro Parrocchiale di Castello,,,,,,theatre,,,,,POINT (11.237540245056152 45.527252197265625),node,,,,
55,0.0,11.210693,3214419210,1417455216,45.193222,,1,,,,,,,Cinema Principe,,,,,,cinema,,,,,POINT (11.210693359375 45.19322204589844),node,,,,
56,0.0,10.903518,3429291809,1427832283,45.655167,,1,,,,,,,,,,,,,fountain,,,,,POINT (10.903517723083496 45.65516662597656),node,,,,
57,0.0,10.788403,3430965841,1427932166,45.55135,,1,,,25,,Via San Pieretto,,African Suite Lounge Bar,,,,,,nightclub,,,,,POINT (10.788402557373047 45.55134963989258),node,,,,
58,0.0,10.844785,3611275941,1634579914,45.352085,,3,,,,,,,,,,,,,fountain,,,,,POINT (10.8447847366333 45.35208511352539),node,,,,
59,0.0,11.133594,3649266845,1436806202,45.65677,,1,,,,,,,,,,,,,fountain,,,,,POINT (11.133593559265137 45.656768798828125),node,,,,
60,0.0,10.883235,3664716727,1437752695,45.3505,,1,,,,,,,,,,,,,fountain,,,,,POINT (10.883234977722168 45.35049819946289),node,,,,
61,0.0,11.11301,3742382518,1442221367,45.565655,,1,,,,,,,,,,,,,fountain,,,,,POINT (11.11301040649414 45.56565475463867),node,,,,
62,0.0,10.992252,3761954454,1443388704,45.574547,,1,,,,,,,Circolo NOI,,,,,,community_centre,,,,,POINT (10.992252349853516 45.574546813964844),node,,,,
63,0.0,10.896335,3805323234,1445961456,45.416794,,1,,,,,,,Auditorium Mirella Urbani,,,,,,theatre,,,,,POINT (10.896334648132324 45.41679382324219),node,,,,
64,0.0,11.041667,4131342244,1610439867,45.52329,,2,,,,,,,,,,,,,fountain,,,,,POINT (11.041666984558105 45.52328872680664),node,,,,
65,0.0,11.012867,4218697990,1464784186,45.43496,,2,,,12,,Via Nicolò Giolfino,,Liquid Club,,,,,,nightclub,,,,,POINT (11.012866973876953 45.434959411621094),node,,,,
66,0.0,10.790923,4318891921,1469402159,45.330772,,1,,,,,,,,,,,,,fountain,,,,,POINT (10.790923118591309 45.330772399902344),node,,,,
67,0.0,10.974413,4553750146,1586110860,45.409927,,3,Verona,IT,1,37135,Via Lussemburgo,berfis@berfis.com,Berfi's Srl,,,+39 045 508024,,http://www.berfis.com,nightclub,,,,,POINT (10.97441291809082 45.40992736816406),node,,,,
68,0.0,10.881591,4682463581,1486937102,45.51675,,1,,,,,,,,,,,,,theatre,,,,,POINT (10.881590843200684 45.51675033569336),node,,,,
69,0.0,10.939183,4828665339,1493642222,45.316677,,1,,,,,,,Sala della comunità,,,,,,theatre,,,,,POINT (10.939183235168457 45.31667709350586),node,,,,
70,0.0,11.0903015,4830241834,1493709601,45.609207,,1,,,,,,,,,,,,,fountain,,,,,POINT (11.090301513671875 45.60920715332031),node,,,,
71,0.0,11.018199,4917662821,1571292493,45.523346,"{""toilets:wheelchair"":""yes"",""wheelchair"":""yes""}",3,Grezzana,,2,37023,Via del lavoro,,Verona Fablab,,,,,https://www.veronafablab.it/,community_centre,,,,,POINT (11.01819896697998 45.523345947265625),node,,,,
72,0.0,10.728282,5183405376,1593427251,45.483807,"{""lit"":""yes""}",3,,,,,,,,,,,,,fountain,no,nozzle,,,POINT (10.72828197479248 45.48380661010742),node,,,,
73,0.0,10.844096,5442814968,1577574652,45.353237,"{""toilets:wheelchair"":""yes"",""wheelchair"":""yes""}",3,,,,,,,Metropol,,,,,,cinema,,,,,POINT (10.844096183776855 45.35323715209961),node,,,,
74,0.0,11.383301,5472340402,1520842227,45.30896,,1,Cologna Veneta,IT,10,37044,Via Papesso,,Cinema Teatro Contardo Ferrini,,,,,,cinema,,,,,POINT (11.38330078125 45.3089599609375),node,,,,
75,0.0,11.105749,5480104017,1521110833,45.51751,,1,,,,,,,,,,,,,fountain,,,,,POINT (11.105749130249023 45.51750946044922),node,,,,
76,0.0,11.212143,5783333258,1618732975,45.19298,"{""description"":""Locale invernale aperto da settembre a maggio \nUna bellissima discoteca situata da sempre  in centro del paese di Cerea "",""min_age"":""16"",""opening_hours:covid19"":""same"",""payment:cash"":""yes"",""payment:credit_cards"":""yes"",""payment:debit_cards"":""yes"",""payment:telephone_cards"":""yes"",""smoking"":""isolated""}",3,Cerea,,18,37053,Via 25 Aprile,info@caribe.it,Caribe,We-Su 20:20-04:00,,+393491575361,,http://www.caribe.it,nightclub,,,,,POINT (11.212142944335938 45.1929817199707),node,,,,
77,0.0,11.019269,5784422900,1532529728,45.4416,,1,Verona,,17,37131,Via Girolamo Fracastoro,,Cinema Teatro Aurora,,,+39 045 840 3440,,,cinema,,,,https://www.openstreetmap.org/note/1394064,POINT (11.019268989562988 45.44160079956055),node,,,,
78,0.0,10.953406,5983693564,1539538704,45.627495,,1,,,,,,,Teatro comunale,,,,,,theatre,,,,,POINT (10.95340633392334 45.62749481201172),node,,,,
79,0.0,10.746902,6107363701,1543614076,45.47393,,1,,,,,,,,,,,,,fountain,,,,,POINT (10.746902465820312 45.47393035888672),node,,,,
80,0.0,10.746939,6107363702,1543614076,45.47367,,1,,,,,,,,,,,,,fountain,,,,,POINT (10.746938705444336 45.473670959472656),node,,,,
81,0.0,10.74618,6107363774,1543614077,45.47556,,1,,,,,,,,,,,,,fountain,,,,,POINT (10.746179580688477 45.47555923461914),node,,,,
82,0.0,10.959446,6190527802,1548011129,45.402668,,2,,,26,,Strada La Rizza,info@nexusnaturist.it,Nexus club,,,,,http://www.nexusnaturist.it,swingerclub,,,,,POINT (10.95944595336914 45.40266799926758),node,,,,
83,0.0,10.937009,6361476025,1553561374,45.60052,,1,,,,,,,,,,,,,fountain,yes,,,,POINT (10.93700885772705 45.600521087646484),node,,,,
84,0.0,11.207436,6363684930,1553640922,45.58595,,1,,,,,,,,,,,,,fountain,,,,,POINT (11.207435607910156 45.5859489440918),node,,,,
85,0.0,10.829947,6376871157,1554156023,45.527077,,1,,,,,,,,,,,,,fountain,,,,,POINT (10.829947471618652 45.527076721191406),node,,,,
86,0.0,10.841481,6376871158,1554156023,45.53006,,1,,,,,,,,,,,,,fountain,yes,,,,POINT (10.84148120880127 45.530059814453125),node,,,,
87,0.0,11.008717,6417016339,1555709911,45.6158,,1,,,,,,,,,,,,,fountain,,,,,POINT (11.008716583251953 45.61579895019531),node,,,,
88,0.0,10.724439,6423149196,1556020669,45.443394,,1,,,,,,,,,,,,,fountain,,,,,POINT (10.724438667297363 45.44339370727539),node,,,,
89,0.0,10.915783,6680879790,1588238497,45.390083,"{""brand"":""Bookcrossing"",""description"":""Il contenitore si trova nell'angolo nord del Parco Giuseppe Antonelli"",""lit"":""yes"",""mapillary"":""SjGljrFRTWr9U_JezlWFkw"",""public_bookcase:type"":""reading_box"",""reuse:policy"":""free_to_take_or_give"",""wheelchair"":""yes""}",7,Dossobuono,IT,,37062,Via Stazione,,Parco Giuseppe Antonelli,24/7,,,,,public_bookcase,,,,,POINT (10.915782928466797 45.39008331298828),node,,,,
90,0.0,11.267552,6731344110,1566381094,45.395317,"{""denomination"":""catholic"",""religion"":""christian""}",1,,,,,,,Centro San Giovanni Bosco,,,,,,community_centre,,,,,POINT (11.267552375793457 45.39531707763672),node,,,,
91,0.0,10.704923,6732069226,1612119591,45.576935,"{""wikidata"":""Q27994869""}",2,,,,,,,Fontana dei giardinetti di via San Carlo,,,,,,fountain,no,,,,POINT (10.704922676086426 45.576934814453125),node,,,,
92,0.0,11.271439,6766094658,1567424849,45.39553,,1,,,,,,,Punto Gioco San Bonifacio,,,,,,gambling,,,,,POINT (11.271438598632812 45.395530700683594),node,,,,
93,0.0,10.668876,6770350444,1567578035,45.44693,,2,,,,,,,,,,,,,fountain,,,,,POINT (10.668875694274902 45.446929931640625),node,,,,
94,0.0,11.121413,6795025664,1568464048,45.256676,"{""brand"":""Bookcrossing"",""capacity"":""80"",""indoor"":""yes"",""reuse:policy"":""free_to_take_or_give"",""wheelchair"":""yes""}",4,Bovolone,IT,1,37051,Piazza Costituzione,,Pro Loco Bovolone,"Mo-Fr 08:30-12:30; We,Th 14:30-18:30",Pro Loco Bovolone,,,,public_bookcase,,,,,POINT (11.121413230895996 45.256675720214844),node,,,,
95,0.0,10.85087,6819770065,1623074882,45.474342,,2,,,,,,,,,,,,,fountain,,,,,POINT (10.850870132446289 45.474342346191406),node,,,,
96,0.0,10.852271,6819770066,1569325788,45.47457,"{""lit"":""no""}",1,,,,,,,,,,,,,fountain,,,,,POINT (10.85227108001709 45.474571228027344),node,,,,
97,0.0,10.981857,6973383407,1617184351,45.453087,"{""description"":""Lo scaffale si trova nella sala d'aspetto del Pronto Soccorso"",""indoor"":""yes"",""lit"":""yes"",""mapillary"":""NkyaaO-B4lDDqCW1WhPfQA"",""public_bookcase:type"":""shelf"",""reuse:policy"":""free_to_take_or_give"",""wheelchair"":""yes""}",5,Verona,IT,,,Lungadige Attiraglio,,,24/7,,,,,public_bookcase,,,,,POINT (10.981857299804688 45.453086853027344),node,,,,
98,0.0,11.013104,6986482997,1574061567,45.43911,"{""wheelchair"":""no""}",1,,,,,,,Camploy,,,,,,theatre,,,,,POINT (11.013104438781738 45.439109802246094),node,,,,
99,0.0,10.90828,7087767994,1577433022,45.517902,,1,,,,,,,,,,,,,fountain,,,,,POINT (10.908280372619629 45.51790237426758),node,,,,
100,0.0,11.049195,7113274886,1578355351,45.435352,"{""name:en"":""San Michele Sport Centre"",""name:it"":""A. D. Polisportiva San Michele""}",1,,,6,37132,Via Giuseppe Belluzzo,pol_sanmichele@virgilio.it,Polisportiva San Michele,,,+39 045 972530,,https://adpolisportivasanmichele.altervista.org/,community_centre,,,,,POINT (11.049195289611816 45.43535232543945),node,,,,
101,0.0,11.029532,7113861665,1588238497,45.62182,"{""brand"":""Bookcrossing"",""description"":""La cassetta si trova a destra dell'ingresso dell'erboristeria."",""lit"":""yes"",""mapillary"":""hR2cGfBwz7veBPfVOiIxnA"",""outdoor"":""yes"",""public_bookcase:type"":""movable_cabinet"",""reuse:policy"":""free_to_take_or_give"",""wheelchair"":""yes""}",4,Bosco Chiesanuova,IT,20,37021,Piazza della Chiesa,,Erboristeria Sauro,"Mo-Su 09:00-12:00,14:30-19:00",,,,,public_bookcase,,,,,POINT (11.029532432556152 45.62181854248047),node,,,,
102,0.0,10.918336,7168646421,1580284751,45.503166,,1,,,,,,,Giovanni Paolo II,,,,,,theatre,,,,,POINT (10.918335914611816 45.50316619873047),node,,,,
103,0.0,10.73464,7204350426,1588238497,45.35586,"{""description"":""La cassetta si trova a destra dell'ingresso della biblioteca, lungo la cancellata."",""lit"":""yes"",""mapillary"":""NELU7TAyUoVJ2VXBJLfhNg"",""outdoor"":""yes"",""public_bookcase:type"":""reading_box"",""reuse:policy"":""free_to_take_or_give"",""wheelchair"":""yes""}",4,Valeggio sul Mincio,IT,,37067,Via Antonio Murari,,Biblioteca Comunale Valeggio,24/7,,,,,public_bookcase,,,,,POINT (10.734640121459961 45.35586166381836),node,,,,
104,0.0,10.960916,7411138781,1587045705,45.44407,"{""studio"":""video""}",1,,,,,,,flipdesign,,,,,http://www.flipdesign.it,studio,,,,,POINT (10.960915565490723 45.444068908691406),node,,,,
105,0.0,10.922453,7511034402,1589364540,45.3727,"{""brand"":""Bookcrossing"",""description"":""Il contenitore si trova nel lato sud del Parco del Donatore"",""mapillary"":""p3Zf5uUYBCt-UcdzGMgyBA"",""public_bookcase:type"":""reading_box"",""reuse:policy"":""free_to_take_or_give"",""wheelchair"":""yes""}",2,Alpo,IT,,37062,Via Don Antonio Provolo,,Parco del Donatore,24/7,,,,,public_bookcase,,,,,POINT (10.922452926635742 45.37269973754883),node,,,,
106,0.0,11.135815,7887149269,1599566645,45.3748,,1,,,,,,,Fontana Zevio,,,,,,fountain,,,,,POINT (11.135814666748047 45.37480163574219),node,,,,
107,0.0,11.028659,7928059407,1600687766,45.60214,,1,,,,,,,,,,,,,fountain,,,,,POINT (11.028658866882324 45.60213851928711),node,,,,
108,0.0,10.948551,7966539135,1646131974,45.44978,"{""brand"":""Bookcrossing"",""description"":""Lo scafafle si trova nella sala d'aspetto 2 al piano terra."",""lit"":""yes"",""public_bookcase:type"":""shelf"",""reuse:policy"":""free_to_take_or_give"",""wheelchair"":""yes"",""wikimedia_commons"":""File:Scaffale bookcrossing CEMS Verona.jpg""}",3,,,,,,,CEMS,,,,,,public_bookcase,,,,,POINT (10.948551177978516 45.44977951049805),node,,,,
109,0.0,10.8477955,8013836785,1627228310,45.395504,"{""smoking"":""isolated""}",2,Sommacampagna,IT,29B,37066,Via dell'Industria,,Flair House,Fr-Sa 21:00-04:00; Mo 21:00-03:00,,,,,nightclub,,,,,POINT (10.847795486450195 45.395503997802734),node,,,,
110,0.0,11.31119,8084281160,1604574485,45.19239,"{""air_conditioning"":""yes"",""opening_hours:covid19"":""closed"",""payment:cash"":""yes"",""screen"":""1"",""wheelchair"":""yes""}",1,Legnago,,11,37045,Via Marsala,infocineforumsalus@gmail.com,Cinema teatro Salus,,,,,,cinema,,,,,POINT (11.311189651489258 45.19239044189453),node,,,,
111,0.0,10.7271185,8096221215,1604912374,45.60637,,1,,,,,,,,,,,,,fountain,no,,,,POINT (10.727118492126465 45.60636901855469),node,,,,
112,0.0,11.192618,8219774817,1607693730,45.181538,,1,,,,,,,RADIO R.C.S.,,,,,,studio,,,,,POINT (11.192618370056152 45.18153762817383),node,,,,
113,0.0,10.809122,8358184223,1611511562,45.766277,,1,,,,,,,Lacaòr Teatro all'aperto,,,,,,theatre,,,,,POINT (10.809122085571289 45.76627731323242),node,,,,
114,0.0,11.384741,8373436882,1611871704,45.311058,,1,,,,,,,,,,,,,fountain,,,,,POINT (11.384740829467773 45.311058044433594),node,,,,
115,0.0,11.248278,8488224680,1614931374,45.420742,"{""description"":""I contenitori si trovano su un lato della Tabaccheria"",""lit"":""yes"",""public_bookcase:type"":""wooden_cabinet"",""reuse:policy"":""free_to_take_or_give"",""wheelchair"":""yes""}",1,Soave,IT,,37038,Piazza Mercato dei Grani,,Piazza Mercato dei Grani,24/7,,,,,public_bookcase,,,,,POINT (11.24827766418457 45.42074203491211),node,,,,
116,0.0,10.70941,8574580330,1617096634,45.4561,,1,,,,,,,Nave dei Corsari,,,,V,,theatre,,,,,POINT (10.709409713745117 45.45610046386719),node,,,,
117,0.0,10.712939,8574580331,1617096634,45.45559,,1,,,,,,,Albero di prezzemolo,,,,VII,,theatre,,,,,POINT (10.712939262390137 45.455589294433594),node,,,,
118,0.0,10.70858,8574580332,1617096634,45.457,,1,,,,,,,La valle dei Re,,,,VIII,,theatre,,,,,POINT (10.708580017089844 45.457000732421875),node,,,,
119,0.0,11.159463,8636065955,1645374954,45.47293,,2,,,,,,,Fontana di Mezzo Monte,,,,,,fountain,,,,,POINT (11.159462928771973 45.472930908203125),node,,,,
120,0.0,10.996786,8741651811,1621326447,45.380936,,1,,,,,,info@discotecadoriangray.it,,,,+39 045 540206,,https://www.discotecadoriangray.it/,nightclub,,,,,POINT (10.996786117553711 45.38093566894531),node,,,,
121,0.0,10.72888,8838207060,1623835238,45.48501,,1,,,,,,,,,,,,,fountain,,,,,POINT (10.728879928588867 45.485008239746094),node,,,,
122,0.0,10.7314415,8864986927,1624602220,45.50493,,1,Lazise,,13,37017,Piazzetta A. Partenio,,Dogana Veneta,,,,,https://www.doganaveneta.it,events_venue,,,,,POINT (10.731441497802734 45.50492858886719),node,,,,
123,0.0,10.985813,8909889174,1625928091,45.403328,,1,Verona,IT,12,37135,Via Luciano Marchi,,37100 Lab,,,,,https://37100lab.comune.verona.it/,community_centre,,,,,POINT (10.98581314086914 45.40332794189453),node,,,,
124,0.0,11.026371,9048288757,1630331042,45.58272,,1,,,,,,,,,,,,,fountain,,,,,POINT (11.026371002197266 45.58272171020508),node,,,,
125,0.0,11.047698,9075987078,1631179767,45.571674,,1,,,,,,,,,,,,,fountain,,,,,POINT (11.047698020935059 45.57167434692383),node,,,,
126,0.0,10.838538,9146364618,1634393544,45.348167,"{""description"":""Lo scaffale si trova al piano rialzato a sinistra dell'ingresso al blocco C"",""indoor"":""yes"",""lit"":""yes"",""public_bookcase:type"":""shelf"",""reuse:policy"":""free_to_take_or_give"",""wheelchair"":""yes"",""wikimedia_commons"":""File:Bookcase_presso_Ospedale_Magalini.jpg""}",2,Villafranca di Verona,IT,5,37069,Via Ospedale Marcello Magalini,,,24/7,,,,,public_bookcase,,,,,POINT (10.83853816986084 45.348167419433594),node,,,,
127,0.0,10.829954,9149363792,1633449061,45.560318,"{""description"":""Il contenitore si trova a lato della pista ciclabile Terra dei Forti"",""public_bookcase:type"":""reading_box"",""reuse:policy"":""free_to_take_or_give"",""wheelchair"":""yes"",""wikimedia_commons"":""File:Bookcase_Terra_dei_Forti_1.jpg""}",1,Rivalta di Brentino Belluno,IT,,,,,Pista ciclabile Terra dei Forti,24/7,,,,,public_bookcase,,,,,POINT (10.829954147338867 45.56031799316406),node,,,,
128,0.0,10.8807955,9149363795,1633449061,45.633343,"{""description"":""Il contenitore si trova a lato della pista ciclabile Terra dei Forti"",""public_bookcase:type"":""reading_box"",""reuse:policy"":""free_to_take_or_give"",""wheelchair"":""yes"",""wikimedia_commons"":""File:Bookcase_Terra_dei_Forti.jpg""}",1,Rivalta di Brentino Belluno,IT,,,,,Pista ciclabile Terra dei Forti,24/7,,,,,public_bookcase,,,,,POINT (10.8807954788208 45.63334274291992),node,,,,
129,0.0,11.11842,9179828873,1634552157,45.25087,"{""brand"":""Little Free Library"",""brand:wikidata"":""Q6650101"",""brand:wikipedia"":""en:Little Free Library""}",1,,,,,,,Little Free Library,,,,,,public_bookcase,,,,,POINT (11.118419647216797 45.25086975097656),node,,,,
130,0.0,11.059827,9292253948,1638172503,45.477745,"{""brand"":""Bookcrossing"",""description"":""Il contenitore si trova a fianco della fontanella"",""lit"":""yes"",""public_bookcase:type"":""reading_box"",""reuse:policy"":""free_to_take_or_give"",""wheelchair"":""yes""}",1,Mizzole,IT,,,Via Emanuele Nicolini,,Mizzole,24/7,,,,,public_bookcase,,,,,POINT (11.059826850891113 45.477745056152344),node,,,,
131,0.0,11.032088,9410548331,1641917659,45.56275,,1,,,,,,,,,,,,,fountain,yes,,,,POINT (11.032088279724121 45.56275177001953),node,,,,
132,0.0,10.995281,9431200958,1642603017,45.38325,"{""brand"":""Bookcrossing"",""lit"":""yes"",""public_bookcase:type"":""reading_box"",""reuse:policy"":""free_to_take_or_give"",""wheelchair"":""yes""}",1,Ca' di David,IT,,,,,,24/7,,,,,public_bookcase,,,,,POINT (10.995281219482422 45.38325119018555),node,,,,
133,0.0,10.987435,9432827852,1643936565,45.4182,"{""ref:vatin"":""IT01974710236""}",2,Verona,,23,37135,Via Molinara,circolotombetta@gmail.com,Teatro Santa Teresa,,Circolo Culturale di Tombetta,+39 347 1114009,,https://www.teatrosantateresa.org,theatre,,,,,POINT (10.987435340881348 45.4182014465332),node,,,,
134,0.0,11.087268,9441851407,1642933935,45.58449,"{""natural"":""spring""}",1,,,,,,,,,,,,,fountain,,,,,POINT (11.087267875671387 45.58449172973633),node,,,,
135,0.0,10.796038,9467136950,1643750565,45.608433,,1,,,,,,,,,,,,,fountain,,,,,POINT (10.796037673950195 45.60843276977539),node,,,,
136,0.0,10.989993,9560892126,1646673873,45.434486,"{""studio"":""radio""}",1,,,,,,,Radio Verona,,Società Athesis S.p.A.,,,,studio,,,,,POINT (10.98999309539795 45.434486389160156),node,,,,
137,0.0,10.99,9560892127,1646673873,45.434498,"{""studio"":""television""}",1,,,,,,,Telearena,,Società Athesis S.p.A.,,,,studio,,,,,POINT (10.989999771118164 45.43449783325195),node,,,,
138,,,23164352,1539778218,,"{""historic"":""ruins"",""tourism"":""attraction"",""wikidata"":""Q1477572""}",15,,,,,,,Teatro Romano,,,,,,theatre,,,,,"POLYGON ((11.0010188 45.4477473, 11.0012296 45.447838, 11.0011386 45.4479453, 11.0013154 45.4481323, 11.0015926 45.4479648, 11.0019807 45.4478575, 11.0022607 45.4475711, 11.0023273 45.4474958, 11.0023902 45.4473652, 11.0025038 45.4472804, 11.0026767 45.4471464, 11.0023223 45.4469137, 11.0021835 45.4470445, 11.0020334 45.4469654, 11.0018954 45.447093, 11.0017849 45.4470368, 11.0010188 45.4477473))",way,,,it:Teatro romano di Verona,
139,,,43858694,1558196895,,"{""theatre:type"":""amphi"",""wheelchair"":""yes""}",13,,,,,,,Arena di Verona,,,,,,theatre,,,,,"POLYGON ((10.9941165 45.4392898, 10.9941647 45.4393015, 10.9942292 45.4393031, 10.9943446 45.4392731, 10.9944522 45.4392198, 10.9945517 45.4391517, 10.9946187 45.4390836, 10.9946728 45.4390235, 10.9947148 45.4389634, 10.9947378 45.4389028, 10.9947487 45.4388423, 10.9947307 45.4387592, 10.9946955 45.4387071, 10.9947312 45.4386728, 10.9946641 45.4386379, 10.9946224 45.4386684, 10.9945413 45.4386644, 10.9944166 45.4386823, 10.9943365 45.4387119, 10.9942727 45.4387414, 10.9942043 45.4387879, 10.9941399 45.4388459, 10.9940689 45.4389138, 10.9940182 45.4389903, 10.9939791 45.4390887, 10.9939791 45.439137, 10.9939852 45.4391911, 10.9940262 45.4392459, 10.9940668 45.4392735, 10.9941165 45.4392898))",way,,,,
140,,,91493570,1338593729,,,2,,,,,,,,,,,,,fountain,,,,,"POLYGON ((10.7346629 45.506624, 10.7346625 45.5066666, 10.734722 45.5066669, 10.7347224 45.5066243, 10.7346629 45.506624))",way,,,,
141,,,94102593,1357769867,,,2,,,,,,,QBO (centro sociale),,,,,,social_centre,,,,,"POLYGON ((10.8479852 45.4042748, 10.8480347 45.4044126, 10.8481923 45.4043847, 10.8481428 45.4042469, 10.8479852 45.4042748))",way,public,,,
142,,,108094380,1529360328,,,2,,,,,,,Teatro Peroni,,,,,,theatre,,,,,"POLYGON ((11.0939207 45.4223656, 11.0938364 45.4223835, 11.0938421 45.4223981, 11.0937265 45.4224214, 11.0935848 45.4224523, 11.093626 45.4225445, 11.0939676 45.4224699, 11.0939207 45.4223656))",way,,,,
143,,,116313880,1560542951,,"{""name:it"":""Fontana delle Alpi"",""name:ru"":""\u0424\u043E\u043D\u0442\u0430\u043D \u0410\u043B\u044C\u043F""}",8,,,,,,,Fontana delle Alpi,,,,,,fountain,,,,Survey,"POLYGON ((10.9927003 45.4386458, 10.9926746 45.4386258, 10.9926574 45.4386018, 10.9926498 45.4385754, 10.9926524 45.4385486, 10.992665 45.4385232, 10.9926868 45.438501, 10.9927161 45.4384836, 10.9927509 45.4384724, 10.9927888 45.4384679, 10.9928269 45.4384707, 10.9928627 45.4384804, 10.9928935 45.4384964, 10.9929164 45.4385166, 10.9929312 45.4385402, 10.9929371 45.4385656, 10.9929335 45.4385913, 10.9929208 45.4386155, 10.9928998 45.4386366, 10.9928719 45.4386533, 10.9928388 45.4386646, 10.9928027 45.4386695, 10.9927661 45.4386679, 10.9927312 45.4386598, 10.9927003 45.4386458))",way,,,,
144,,,129400170,1315554787,,,1,,,,,,,Centro ricreativo Caltrane-Canton,,,,,,community_centre,,,,,"POLYGON ((11.1170482 45.2667598, 11.1175288 45.2659584, 11.1175311 45.2654068, 11.1169404 45.265421, 11.1169606 45.2657055, 11.116891 45.2658415, 11.1169517 45.2658604, 11.1165856 45.2664468, 11.1165317 45.2664326, 11.1164756 45.2665432, 11.1164801 45.2665701, 11.1164958 45.2665891, 11.1165137 45.2666049, 11.1170482 45.2667598))",way,,,,
145,,,138811607,1481700753,,,7,,,,,,,Cinema K2,,,,,,cinema,,,,Regione_del_Veneto_LR28_16.7.1976_Formazione_CTR_auth_39164-5700-1100_23.01.2009,"POLYGON ((10.9820233 45.4388548, 10.9820264 45.4388493, 10.9817559 45.4387733, 10.9816444 45.4387419, 10.981609 45.4387319, 10.9815978 45.4387538, 10.9815396 45.4388552, 10.9819599 45.4389652, 10.9820233 45.4388548))",way,yes,,,
146,,,138812025,1539778220,,"{""tourism"":""attraction"",""wikidata"":""Q3527898""}",5,,,,,,,Teatro Filarmonico,,,,,,theatre,,,,Regione_del_Veneto_LR28_16.7.1976_Formazione_CTR_auth_39164-5700-1100_23.01.2009,"POLYGON ((10.9901269 45.4386038, 10.9901618 45.4385959, 10.9901812 45.438634, 10.9905669 45.438538, 10.990595 45.4384625, 10.9905855 45.4384081, 10.9905586 45.4383542, 10.9905184 45.4383117, 10.9904342 45.438269, 10.9900441 45.4383644, 10.9900595 45.4383949, 10.990025 45.4384028, 10.9901269 45.4386038))",way,yes,,it:Teatro Filarmonico (Verona),
147,,,138812754,1646127920,,"{""wheelchair"":""yes""}",7,,,,,,,Fiume,,,+39 045 8002050,,https://www.cinemafiume.it/,cinema,,,,Regione_del_Veneto_LR28_16.7.1976_Formazione_CTR_auth_39164-5700-1100_23.01.2009,"POLYGON ((10.9769063 45.4425497, 10.9769362 45.4426252, 10.9769409 45.4426509, 10.9768941 45.4427796, 10.9771997 45.442848, 10.9772263 45.4427933, 10.9772925 45.4426572, 10.9772126 45.4426375, 10.9770417 45.4425956, 10.9770588 45.4425525, 10.9770197 45.4425404, 10.9770065 45.4425362, 10.9769743 45.4425124, 10.9769643 45.4425177, 10.9769063 45.4425497))",way,yes,,,
148,,,138814535,1547669799,,"{""natural"":""water""}",3,,,,,,,,,,,,,fountain,,,,,"POLYGON ((10.9987087 45.4425758, 10.9987133 45.4425727, 10.9987162 45.4425688, 10.9987172 45.4425642, 10.9987161 45.4425596, 10.9987143 45.442557, 10.99871 45.4425535, 10.9987042 45.4425513, 10.9987005 45.4425507, 10.998694 45.4425509, 10.9986877 45.4425525, 10.9986813 45.4425558, 10.9986773 45.4425595, 10.9986754 45.4425639, 10.998676 45.4425682, 10.9986788 45.4425725, 10.9986833 45.442576, 10.9986875 45.4425776, 10.998694 45.4425785, 10.9987006 45.4425782, 10.9987028 45.4425779, 10.9987087 45.4425758))",way,,,,
149,,,138834339,1427185578,,,2,,,,,,,,,,,,,fountain,,,,,"POLYGON ((10.9877146 45.4480679, 10.9877053 45.4480802, 10.9876999 45.4480936, 10.9876986 45.4481029, 10.9877003 45.4481168, 10.9877037 45.4481258, 10.9877122 45.4481385, 10.9877291 45.4481528, 10.9877452 45.448161, 10.9877698 45.4481679, 10.9877962 45.4481697, 10.9878222 45.4481661, 10.9878457 45.4481576, 10.9878649 45.4481448, 10.9878781 45.4481287, 10.9878844 45.4481106, 10.9878847 45.4481013, 10.9878816 45.4480875, 10.9878744 45.4480745, 10.9878675 45.4480665, 10.9878543 45.4480561, 10.9878439 45.4480503, 10.98782 45.4480422, 10.9877939 45.4480392, 10.9877741 45.4480403, 10.987755 45.4480444, 10.9877432 45.4480487, 10.9877274 45.4480572, 10.9877146 45.4480679))",way,,,,
150,,,138846157,1456172696,,,2,,,,,,,,,,,,,fountain,,,,,"POLYGON ((10.9901553 45.4073509, 10.9901665 45.4073502, 10.9901736 45.4073492, 10.9901845 45.407344, 10.9901924 45.4073383, 10.9901985 45.4073285, 10.9902053 45.4073192, 10.9902075 45.4073119, 10.9902038 45.4072986, 10.990193 45.407287, 10.9901817 45.4072835, 10.9901696 45.4072823, 10.9901592 45.4072804, 10.9901494 45.4072753, 10.9901358 45.4072719, 10.990123 45.4072723, 10.9901142 45.4072739, 10.9901049 45.4072801, 10.9900995 45.4072866, 10.9900958 45.4072947, 10.9900947 45.4073074, 10.9900943 45.4073217, 10.990098 45.4073351, 10.9901064 45.407345, 10.9901226 45.4073509, 10.9901353 45.4073492, 10.9901432 45.4073493, 10.9901553 45.4073509))",way,,,,
151,,,138855046,1324335963,,"{""bingo"":""yes""}",2,,,,,,,Bingo Santa Lucia,,,,,,gambling,,,,,"POLYGON ((10.9698744 45.4224484, 10.9699682 45.4225426, 10.9700038 45.4225256, 10.9703681 45.4223525, 10.9703636 45.4223431, 10.9703446 45.422303, 10.9702803 45.4221739, 10.9698195 45.4223935, 10.9698744 45.4224484))",way,yes,,,
152,,,138919300,1468521862,,,3,,,,,,,,,,,,,fountain,,,,,"POLYGON ((11.0071098 45.4431687, 11.0071022 45.4431644, 11.0070929 45.4431623, 11.0070832 45.4431625, 11.0070741 45.443165, 11.0070668 45.4431696, 11.0070622 45.4431756, 11.0070608 45.4431824, 11.0070628 45.4431891, 11.0070679 45.4431949, 11.0070756 45.4431991, 11.0070848 45.4432013, 11.0070946 45.4432011, 11.0071036 45.4431985, 11.0071109 45.443194, 11.0071155 45.443188, 11.0071169 45.4431812, 11.0071149 45.4431745, 11.0071098 45.4431687))",way,,,,
153,,,138919307,1475162005,,,3,,,,,,,,,,,,,fountain,,,,,"POLYGON ((11.0044865 45.4470028, 11.0044881 45.4469954, 11.004486 45.4469879, 11.0044803 45.4469816, 11.004472 45.4469768, 11.0044618 45.4469744, 11.0044512 45.4469746, 11.0044412 45.4469774, 11.0044332 45.4469824, 11.0044281 45.4469889, 11.0044265 45.4469965, 11.0044286 45.4470038, 11.0044342 45.4470103, 11.0044425 45.4470149, 11.0044527 45.4470173, 11.0044633 45.4470171, 11.0044733 45.4470143, 11.0044813 45.4470095, 11.0044865 45.4470028))",way,,,,
154,,,138919333,1468521862,,,3,,,,,,,,,,,,,fountain,,,,,"POLYGON ((11.006908 45.4433857, 11.0068987 45.4433836, 11.006889 45.4433837, 11.0068799 45.4433862, 11.0068726 45.4433908, 11.0068679 45.4433968, 11.0068665 45.4434036, 11.0068684 45.4434103, 11.0068735 45.4434161, 11.0068812 45.4434204, 11.0068904 45.4434225, 11.0069002 45.4434224, 11.0069092 45.4434199, 11.0069165 45.4434153, 11.0069212 45.4434093, 11.0069227 45.4434025, 11.0069207 45.4433958, 11.0069156 45.44339, 11.006908 45.4433857))",way,,,,
155,,,138919358,1450704076,,,5,,,,,,,,,,,,,fountain,,,,PCN2006,"POLYGON ((11.015346 45.4408162, 11.0153657 45.4408159, 11.0153838 45.4408108, 11.0153986 45.4408017, 11.0154078 45.4407896, 11.0154108 45.440776, 11.0154069 45.4407625, 11.0153968 45.4407507, 11.0153814 45.4407421, 11.0153629 45.4407377, 11.0153432 45.440738, 11.0153251 45.4407431, 11.0153104 45.4407522, 11.015301 45.4407643, 11.0152981 45.4407779, 11.015302 45.4407914, 11.0153122 45.4408032, 11.0153276 45.4408118, 11.015346 45.4408162))",way,,,,
156,,,138957062,1612705177,,"{""alt_name"":""Teatro Stabile"",""fax"":""+390458030815"",""wheelchair"":""yes"",""wikidata"":""Q3982084""}",11,Verona,IT,10,37121,Piazza Francesco Viviani,biglietteria@teatrostabileverona.it,Teatro Nuovo,,,+39 045 8006100,,https://www.teatrostabileverona.it/,theatre,,,,,"POLYGON ((10.9990178 45.4422639, 10.9990309 45.4422724, 10.9991035 45.4422006, 10.9990445 45.4421717, 10.9990481 45.4421679, 10.9990413 45.4421649, 10.9990749 45.4421299, 10.9990207 45.4421026, 10.9989951 45.4420896, 10.9989066 45.4420449, 10.9988294 45.4420059, 10.9987526 45.4420858, 10.9986065 45.4422379, 10.9985181 45.4423299, 10.9987642 45.442451, 10.9987683 45.4424487, 10.9988267 45.4424765, 10.9988976 45.4424057, 10.9988838 45.4423986, 10.998834 45.442373, 10.9989697 45.4422389, 10.9990178 45.4422639))",way,yes,1846,it:Teatro Nuovo (Verona),
157,,,138979092,1367827911,,,3,,,,,,,Cinema Teatro Alcione,,,,,,cinema,,,,,"POLYGON ((11.0249418 45.4497258, 11.0251885 45.449761, 11.0252702 45.4494787, 11.0252594 45.4494442, 11.0250457 45.4494138, 11.0250172 45.4494425, 11.0249418 45.4497258))",way,yes,,,
158,,,139007766,1450822030,,"{""comment"":""Osmveneto Import Day""}",2,,,,,,,,,,,,,fountain,,,,Regione_del_Veneto_LR28_16.7.1976_Formazione_CTR_auth_39164-5700-1100_23.01.2009,"POLYGON ((11.0691548 45.4626292, 11.0691511 45.4626173, 11.0691401 45.4626064, 11.0691237 45.4625996, 11.0691047 45.4625982, 11.0690866 45.4626023, 11.0690725 45.4626113, 11.0690648 45.4626236, 11.0690649 45.462637, 11.0690729 45.4626492, 11.0690871 45.462658, 11.0691053 45.4626619, 11.0691243 45.4626603, 11.0691405 45.4626534, 11.0691514 45.4626424, 11.0691548 45.4626292))",way,,,,
159,,,139007902,1435864807,,"{""comment"":""Osmveneto Import Day""}",3,,,,,,,,,,,,,fountain,,,,Regione_del_Veneto_LR28_16.7.1976_Formazione_CTR_auth_39164-5700-1100_23.01.2009,"POLYGON ((11.0627199 45.4575374, 11.0627398 45.4575596, 11.0627726 45.4575926, 11.0628099 45.4576221, 11.0628391 45.4576408, 11.0628545 45.4576285, 11.0628652 45.4576153, 11.0628724 45.4576002, 11.0628734 45.4575844, 11.0628703 45.4575693, 11.062862 45.4575534, 11.0628494 45.4575433, 11.062838 45.4575344, 11.0628191 45.4575269, 11.0627997 45.457523, 11.0627767 45.4575223, 11.0627592 45.4575233, 11.0627367 45.4575287, 11.0627199 45.4575374))",way,,,,
160,,,139028553,1634627647,,,3,,,,,,,,,,,,,community_centre,,,,,"POLYGON ((10.959127 45.450739, 10.9592242 45.4508616, 10.9593305 45.45082, 10.9592332 45.4506973, 10.959127 45.450739))",way,yes,,,
161,,,139103702,1380448496,,,2,,,,,,,Cinema Teatro Valpantena,,,,,,cinema,,,,,"POLYGON ((11.0178291 45.5184176, 11.0178191 45.5183448, 11.0177963 45.5181379, 11.017708 45.5181419, 11.0175978 45.518147, 11.0175614 45.5182169, 11.0175687 45.5182933, 11.0175521 45.5182954, 11.0175348 45.51832, 11.017541 45.5183523, 11.0175166 45.5183545, 11.0175083 45.5183762, 11.0175188 45.5184301, 11.0175571 45.5184269, 11.0175573 45.5184323, 11.0176303 45.5184295, 11.0176317 45.5184376, 11.0176938 45.5184336, 11.0177559 45.5184295, 11.0177556 45.5184223, 11.0178291 45.5184176))",way,yes,,,
162,,,141878611,1393878515,,,4,,,,,,,Cinema Nuovo S. Michele,,,,,,cinema,,,,,"POLYGON ((11.0412089 45.4354778, 11.0412151 45.4354778, 11.0412372 45.4354719, 11.0412736 45.4355253, 11.0413221 45.4355, 11.041281 45.4354656, 11.0413165 45.4354455, 11.0413389 45.4354329, 11.0413524 45.4354435, 11.041434 45.4355073, 11.0413218 45.4355687, 11.0412701 45.4355884, 11.0411509 45.4356197, 11.0411599 45.4354774, 11.0412089 45.4354778))",way,yes,,,
163,,,141878722,1431027146,,"{""fixme"":""Import CTR Veneto. Manufatti vari es. statua, fontana o altro. Verificare sul campo dopo l'import o tramite ortofoto prima dell'import.""}",2,,,,,,,,,,,,,fountain,,,,,"POLYGON ((11.0501988 45.4303897, 11.0502015 45.4303971, 11.0502114 45.4304068, 11.0502219 45.4304109, 11.0502396 45.4304118, 11.050253 45.4304096, 11.0502649 45.4304038, 11.0502717 45.430395, 11.0502737 45.4303834, 11.0502717 45.4303731, 11.0502635 45.430365, 11.0502465 45.4303585, 11.0502288 45.4303574, 11.0502154 45.4303615, 11.0502037 45.4303705, 11.0501977 45.4303812, 11.0501988 45.4303897))",way,,,,
164,,,141917317,1408919531,,"{""fixme"":""Import CTR Veneto. Manufatti vari es. statua, fontana o altro. Verificare sul campo dopo l'import o tramite ortofoto prima dell'import.""}",2,,,,,,,,,,,,,fountain,,,,,"POLYGON ((10.9496123 45.4756462, 10.9495557 45.4756663, 10.9495845 45.4757061, 10.9496423 45.4756861, 10.9496123 45.4756462))",way,,,,
165,,,141923407,1556315162,,"{""club"":""history""}",3,,,,,,,Baita Alpini,,,,,,community_centre,,,,,"POLYGON ((10.8927483 45.4317396, 10.8928004 45.4316291, 10.8928069 45.4316154, 10.8925793 45.4315634, 10.8925182 45.4316822, 10.8927483 45.4317396))",way,yes,,,
166,,,141959183,1430901167,,,2,,,,,,,,,,,,,fountain,,,,,"POLYGON ((10.9952867 45.3833134, 10.9952822 45.383298, 10.9952707 45.3832846, 10.9952532 45.3832747, 10.9952321 45.3832698, 10.9952098 45.3832702, 10.995189 45.3832758, 10.9951724 45.3832863, 10.9951616 45.3833001, 10.9951583 45.3833156, 10.9951627 45.383331, 10.9951744 45.3833444, 10.9951917 45.3833542, 10.995213 45.3833592, 10.9952352 45.3833588, 10.995256 45.3833531, 10.9952727 45.3833427, 10.9952833 45.3833289, 10.9952867 45.3833134))",way,,,,
167,,,142871103,1431028440,,,3,,,,,,,,,,,,,fountain,,,,,"POLYGON ((11.0199086 45.4423876, 11.0199245 45.4423874, 11.0199395 45.4423833, 11.0199514 45.4423758, 11.019959 45.442366, 11.0199614 45.4423549, 11.0199582 45.4423438, 11.0199499 45.4423342, 11.0199375 45.4423272, 11.0199223 45.4423236, 11.0199063 45.4423239, 11.0198913 45.442328, 11.0198794 45.4423354, 11.0198717 45.4423453, 11.0198693 45.4423565, 11.0198725 45.4423675, 11.0198809 45.4423771, 11.0198933 45.4423841, 11.0199086 45.4423876))",way,,,,
168,,,142873822,1454072068,,"{""fixme"":""Import CTR Veneto. Manufatti vari es. statua, fontana o altro. Verificare sul campo dopo l'import o tramite ortofoto prima dell'import.""}",2,,,,,,,,,,,,,fountain,,,,,"POLYGON ((11.0320699 45.4487777, 11.0321489 45.4487392, 11.0320923 45.4486815, 11.0320132 45.44872, 11.0320699 45.4487777))",way,,,,
169,,,146003715,1336774530,,,2,,,,,,,UCI Cinemas,,,,,,cinema,,,,,"POLYGON ((11.016333 45.3970998, 11.0164525 45.3969665, 11.0165096 45.3969007, 11.0163944 45.3968239, 11.0162687 45.3967701, 11.0162134 45.396828, 11.0160756 45.3969822, 11.016333 45.3970998))",way,yes,,,
170,,,146017550,1410907348,,,2,,,,,,,,,,,,,fountain,,,,,"POLYGON ((11.0948412 45.4306147, 11.0948093 45.4305949, 11.0947669 45.4305921, 11.0947303 45.4306073, 11.0947134 45.4306347, 11.0947227 45.4306639, 11.0947546 45.4306836, 11.094797 45.4306864, 11.0948336 45.4306712, 11.0948505 45.4306438, 11.0948412 45.4306147))",way,,,,
171,,,149827264,1436124826,,,2,,,,,,,,,,,,,fountain,,,,,"POLYGON ((10.9085385 45.4964111, 10.9085348 45.4964035, 10.9085279 45.4963971, 10.9085184 45.4963926, 10.9085073 45.4963904, 10.9084958 45.4963909, 10.9084852 45.4963939, 10.9084765 45.4963991, 10.9084706 45.4964061, 10.9084682 45.4964139, 10.9084694 45.4964219, 10.9084745 45.4964294, 10.9084829 45.4964354, 10.9084936 45.496439, 10.9085054 45.49644, 10.908517 45.4964382, 10.9085271 45.4964338, 10.9085345 45.4964273, 10.9085385 45.4964194, 10.9085385 45.4964111))",way,,,,
172,,,153024476,1436006342,,,2,,,,,,,,,,,,,fountain,,,,,"POLYGON ((10.886576 45.5103972, 10.8865836 45.510365, 10.8865836 45.5103318, 10.8865622 45.5102928, 10.8865187 45.5102615, 10.8864809 45.51025, 10.8864569 45.5102442, 10.8864352 45.5102438, 10.8864202 45.5102686, 10.8864177 45.5103, 10.8864292 45.5103342, 10.8864561 45.5103644, 10.8865024 45.5103877, 10.8865377 45.5103992, 10.8865567 45.5104013, 10.886576 45.5103972))",way,,,,
173,,,160243129,1412266246,,,2,,,,,,,,,,,,,fountain,,,,,"POLYGON ((10.8326142 45.4334094, 10.8325997 45.433381, 10.8325439 45.4333627, 10.83249 45.4333836, 10.8324822 45.4334266, 10.832527 45.4334564, 10.8325876 45.4334485, 10.8326142 45.4334094))",way,yes,,,
174,,,167607513,1377334320,,,2,,,,,,,,,,,,,cinema,,,,,"POLYGON ((11.297562 45.1917798, 11.2978489 45.1919609, 11.2986492 45.1913313, 11.2983623 45.1911502, 11.297562 45.1917798))",way,industrial,,,
175,,,176251824,1358545789,,,3,,,,,,,Teatro Parrocchiale di San Giovanni Ilarione,,,,,,theatre,,,,,"POLYGON ((11.235561 45.5254512, 11.2355685 45.5253551, 11.235574 45.5251292, 11.2354376 45.5251284, 11.2354271 45.5253975, 11.2353942 45.5253975, 11.2353935 45.5254429, 11.2354294 45.5254435, 11.2354291 45.5254601, 11.235561 45.5254512))",way,yes,,,
176,,,188146614,1437991071,,,4,Povegliano Veronese,,,37064,Via Giuseppe Verdi,,Baita degli Alpini,,,,,,community_centre,,,,,"POLYGON ((10.8801464 45.3472258, 10.8802524 45.3472786, 10.8803969 45.3471343, 10.8803344 45.3471033, 10.8803762 45.3470616, 10.8803326 45.3470399, 10.8803115 45.3470609, 10.8801464 45.3472258))",way,yes,,,
177,,,189775605,1352420728,,,1,,,,,,,,,,,,,fountain,,,,,"POLYGON ((10.9319901 45.2705837, 10.9320143 45.2705786, 10.9320315 45.2705655, 10.9320369 45.2705482, 10.932029 45.2705313, 10.93201 45.2705195, 10.9319853 45.2705162, 10.9319615 45.2705223, 10.9319454 45.2705358, 10.9319414 45.2705535, 10.9319507 45.27057, 10.9319704 45.270581, 10.9319901 45.2705837))",way,,,,
178,,,208220756,1608260048,,"{""air_conditioning"":""yes"",""wheelchair"":""yes""}",7,Legnago,,26,37045,Via Venti Settembre,info@teatrosalieri.it,Teatro Salieri,,,+39 0442 25477,,,theatre,,,,https://teatrosalieri.it/;local knowledge,"POLYGON ((11.3072385 45.191362, 11.3071858 45.1913849, 11.3071127 45.1914153, 11.3071225 45.1914505, 11.3071389 45.1915479, 11.3072583 45.1916043, 11.3073051 45.1916164, 11.3073761 45.1915843, 11.3073592 45.191557, 11.3074004 45.1915371, 11.3074197 45.1915645, 11.3076901 45.1914394, 11.307686 45.1914313, 11.3077134 45.1914191, 11.3076922 45.1913952, 11.307571 45.1912585, 11.3075496 45.1912345, 11.3075129 45.1912529, 11.3075066 45.1912416, 11.3072385 45.191362))",way,public,1956,it:Teatro Salieri,
179,,,208225259,1391264182,,,2,,,,,,,,,,,,,fountain,,,,,"POLYGON ((11.309053 45.1932776, 11.3090273 45.1933582, 11.3091458 45.1933765, 11.3091693 45.1932942, 11.309053 45.1932776))",way,,,,
180,,,208232132,1391264182,,,2,,,,,,,,,,,,,fountain,,,,,"POLYGON ((11.308447 45.1932577, 11.30847 45.193251, 11.3084811 45.1932353, 11.3084747 45.1932182, 11.308454 45.1932084, 11.3084294 45.1932107, 11.3084129 45.1932239, 11.3084129 45.1932415, 11.3084293 45.1932548, 11.308447 45.1932577))",way,,,,
181,,,209028320,1509915193,,,2,,,,,,,"Centro polifunzionale ""Loris Doriano Romano""",,,,,,community_centre,,,,,"POLYGON ((11.3524313 45.1591088, 11.352525 45.1592101, 11.3525333 45.1592062, 11.3525579 45.1592329, 11.3525916 45.1592173, 11.3526061 45.1592106, 11.3526652 45.1591833, 11.35264 45.159156, 11.3527251 45.1591167, 11.352759 45.159101, 11.3527729 45.159116, 11.3527915 45.1591074, 11.3527773 45.1590921, 11.3528011 45.159081, 11.3528066 45.1590411, 11.3527618 45.1589926, 11.3527095 45.1589802, 11.3524313 45.1591088))",way,civic,,,
182,,,209030089,1509794651,,,2,,,,,,,Teatro sociale di Villa Bartolomea,,,,,,theatre,,,,,"POLYGON ((11.3544961 45.160088, 11.3545168 45.1600586, 11.3545337 45.1600642, 11.3546407 45.1599351, 11.3547109 45.159841, 11.3546848 45.1598301, 11.3547109 45.1597946, 11.3545928 45.1597474, 11.3545148 45.1597163, 11.3544544 45.159792, 11.3545017 45.1598108, 11.3543572 45.1599917, 11.3543351 45.160021, 11.3544961 45.160088))",way,civic,,,
183,,,222870285,1617096634,,"{""layer"":""1""}",10,,,,,,,Gardaland Theater,,,,III,,theatre,,,,,"POLYGON ((10.7095811 45.4574016, 10.709595 45.4574043, 10.7100679 45.4574977, 10.7103215 45.4573975, 10.7103535 45.4573607, 10.7103535 45.4573239, 10.7103098 45.4571971, 10.7103885 45.4571133, 10.7102253 45.4570499, 10.710202 45.4570744, 10.710167 45.4570724, 10.710132 45.4571092, 10.709995 45.457099, 10.7095665 45.4573177, 10.7095811 45.4574016))",way,yes,,,
184,,,222906332,1617178508,,,4,,,,,,,Pagoda Giappoese,,,,IX,,theatre,,,,,"POLYGON ((10.7066949 45.4573298, 10.7067488 45.4573344, 10.7068017 45.457316, 10.706815 45.4572895, 10.7067924 45.457251, 10.7067583 45.4572415, 10.7067259 45.4572402, 10.7067042 45.4572525, 10.7066763 45.4572901, 10.7066949 45.4573298))",way,yes,,,
185,,,222907690,1617096634,,,6,,,,,,,Arena Hawaii,,,,IV,,theatre,,,,,"POLYGON ((10.7086674 45.4562406, 10.7087038 45.4562955, 10.7087947 45.4563363, 10.7089257 45.4563593, 10.7090058 45.4563452, 10.7089585 45.4561857, 10.7089239 45.456164, 10.7088602 45.4561576, 10.7087441 45.4562076, 10.7086674 45.4562406))",way,yes,,,
186,,,222930076,1617096634,,,3,,,,,,,Piazza Souk,,,,,,theatre,,,,,"POLYGON ((10.7090885 45.457111, 10.7091997 45.4570899, 10.7091913 45.4570682, 10.7091497 45.4569602, 10.7090385 45.4569813, 10.7090885 45.457111))",way,yes,,,
187,,,222938039,1617021990,,,2,,,,,,,Flying  Island Fountain,,,,,,fountain,,,,,"POLYGON ((10.7117052 45.4583685, 10.7117816 45.4583391, 10.7117707 45.4583098, 10.7117725 45.4582702, 10.7116743 45.4582447, 10.7116543 45.4582881, 10.7116597 45.4583404, 10.7117052 45.4583685))",way,,,,
188,,,223048454,1617096634,,,3,,,,,,,Ingresso,,,,I,,theatre,,,,,"POLYGON ((10.7139882 45.4549, 10.7140859 45.4548612, 10.7141921 45.4548191, 10.7141604 45.4547798, 10.7141272 45.454793, 10.7140531 45.4548224, 10.7139879 45.4548483, 10.7139566 45.4548607, 10.7139882 45.4549))",way,yes,,,
189,,,224059905,1370152064,,"{""fixme"":""Import CTR Veneto. Manufatti vari es. statua, fontana o altro. Verificare sul campo dopo l'import o tramite ortofoto prima dell'import.""}",1,,,,,,,,,,,,,fountain,,,,,"POLYGON ((11.1830747 45.4692804, 11.1830676 45.4692679, 11.18306 45.4692606, 11.1830506 45.4692546, 11.1830337 45.4692484, 11.1830148 45.469246, 11.1829959 45.4692477, 11.1829785 45.4692533, 11.1829686 45.469259, 11.1829606 45.4692659, 11.1829546 45.4692739, 11.1829503 45.469287, 11.1829507 45.469296, 11.1829535 45.4693047, 11.1829623 45.4693166, 11.1829759 45.4693262, 11.1829869 45.4693307, 11.1830053 45.4693344, 11.1830181 45.4693346, 11.1830306 45.469333, 11.183048 45.4693274, 11.1830622 45.4693183, 11.1830692 45.4693108, 11.1830738 45.4693025, 11.1830761 45.4692937, 11.1830747 45.4692804))",way,,,,
190,,,224059906,1370152065,,"{""fixme"":""Import CTR Veneto. Manufatti vari es. statua, fontana o altro. Verificare sul campo dopo l'import o tramite ortofoto prima dell'import.""}",1,,,,,,,,,,,,,fountain,,,,,"POLYGON ((11.1823398 45.4694042, 11.1823342 45.4693913, 11.1823274 45.4693837, 11.1823185 45.4693772, 11.1823079 45.4693722, 11.1822898 45.4693678, 11.1822835 45.4693673, 11.1822644 45.4693685, 11.1822468 45.4693737, 11.1822367 45.4693792, 11.1822286 45.4693861, 11.1822225 45.4693941, 11.1822182 45.4694071, 11.1822199 45.4694205, 11.1822272 45.4694329, 11.1822397 45.4694431, 11.1822503 45.4694481, 11.1822621 45.4694516, 11.1822747 45.4694532, 11.1822937 45.469452, 11.1823057 45.469449, 11.1823166 45.4694443, 11.1823297 45.4694346, 11.1823357 45.4694266, 11.1823402 45.4694136, 11.1823398 45.4694042))",way,,,,
191,,,224475875,1616413610,,,2,,,,,,,Fontana Salgari,,,,,,fountain,,,,,"POLYGON ((10.7148819 45.4551868, 10.7148965 45.4552344, 10.7150547 45.4551934, 10.7150267 45.4551524, 10.7148819 45.4551868))",way,,,,
192,,,224507835,1438626292,,"{""comment"":""this was erroneously imported as place_of_worship""}",3,,,,,,,Teatro Comunale,,,,,,theatre,,,,,"POLYGON ((11.3859874 45.3088257, 11.3859024 45.3089613, 11.3860763 45.3090132, 11.3862098 45.309053, 11.3863421 45.3090925, 11.3864239 45.3089575, 11.3859874 45.3088257))",way,,1857,,
193,,,225534617,1371112000,,,1,,,,,,,,,,,,,fountain,,,,,"POLYGON ((11.1299875 45.4519112, 11.130009 45.4518721, 11.1300151 45.4518717, 11.1300211 45.4518703, 11.1300267 45.4518682, 11.1300316 45.4518653, 11.1300356 45.4518617, 11.1300384 45.4518577, 11.1300402 45.4518534, 11.1300403 45.4518461, 11.1300386 45.4518417, 11.1300359 45.4518377, 11.1300312 45.4518336, 11.1300511 45.4517955, 11.1300168 45.4517861, 11.1300174 45.4517817, 11.1300164 45.4517768, 11.1300139 45.4517726, 11.1300103 45.4517689, 11.1300056 45.4517659, 11.13 45.4517637, 11.129994 45.4517624, 11.1299876 45.4517621, 11.1299813 45.4517628, 11.1299753 45.4517645, 11.1299701 45.451767, 11.1299658 45.4517703, 11.1299644 45.4517719, 11.1299363 45.4517642, 11.1299152 45.4518025, 11.1299117 45.4518024, 11.1299054 45.4518029, 11.1298993 45.4518043, 11.1298937 45.4518064, 11.1298888 45.4518093, 11.1298847 45.4518128, 11.1298816 45.4518167, 11.1298797 45.4518209, 11.1298788 45.4518254, 11.1298792 45.4518299, 11.1298808 45.4518342, 11.1298835 45.4518383, 11.1298873 45.451842, 11.1298919 45.451845, 11.1298727 45.4518799, 11.1299037 45.4518884, 11.1299035 45.4518923, 11.1299048 45.4518967, 11.1299073 45.4519008, 11.1299111 45.4519044, 11.1299159 45.4519074, 11.1299215 45.4519095, 11.1299276 45.4519107, 11.129934 45.451911, 11.1299403 45.4519103, 11.1299462 45.4519086, 11.1299515 45.451906, 11.1299559 45.4519026, 11.1299875 45.4519112))",way,,,,
194,,,230471910,1416140848,,,2,,,,,,,,,,,,,nightclub,,,,,"POLYGON ((10.724969 45.5468583, 10.7251153 45.5469231, 10.7252543 45.546771, 10.725203 45.5467512, 10.7252187 45.5467356, 10.7249942 45.5466257, 10.7249188 45.5467079, 10.7250222 45.5467539, 10.7250094 45.546774, 10.7250867 45.5468091, 10.7250623 45.5468378, 10.7250078 45.5468142, 10.724969 45.5468583))",way,yes,,,
195,,,230472282,1439999499,,,3,,,,,,,Cinema Teatro Corallo,,,,,,theatre,,,,,"POLYGON ((10.721737 45.5481874, 10.7220475 45.5483352, 10.7221674 45.5482116, 10.7218569 45.5480639, 10.721737 45.5481874))",way,yes,,,
196,,,236997030,1625236581,,,3,,,,,,,La Quercia Theatre,,,,,,theatre,,,,,"POLYGON ((10.7341341 45.4910752, 10.7341915 45.4911491, 10.7343581 45.4910854, 10.7343007 45.4910115, 10.7341341 45.4910752))",way,yes,,,
197,,,238787245,1538923497,,"{""barrier"":""wall"",""height"":""0.5 m"",""natural"":""water""}",4,,,,,,,,,,,,,fountain,,,,,"POLYGON ((10.7950502 45.6058664, 10.7950515 45.6058598, 10.7950549 45.6058536, 10.7950604 45.6058481, 10.7950674 45.6058437, 10.7950758 45.6058405, 10.7950849 45.6058387, 10.7950944 45.6058385, 10.7951038 45.6058398, 10.7951124 45.6058426, 10.7951199 45.6058467, 10.7951258 45.6058519, 10.7951299 45.6058579, 10.7951319 45.6058644, 10.7951317 45.6058711, 10.7951293 45.6058775, 10.7951248 45.6058834, 10.7951185 45.6058884, 10.7951108 45.6058922, 10.7951019 45.6058947, 10.7950925 45.6058957, 10.7950831 45.6058952, 10.795074 45.6058931, 10.7950659 45.6058896, 10.7950591 45.605885, 10.7950541 45.6058793, 10.795051 45.605873, 10.7950502 45.6058664))",way,,,,
198,,,238831180,1538923497,,"{""barrier"":""wall"",""height"":""0.5 m"",""natural"":""water""}",3,,,,,,,,,,,,,fountain,,,,,"POLYGON ((10.7937331 45.6062591, 10.7937333 45.6062495, 10.7937366 45.6062401, 10.793743 45.6062315, 10.793752 45.6062242, 10.7937632 45.6062186, 10.7937759 45.6062149, 10.7937895 45.6062134, 10.7938033 45.606214, 10.7938164 45.6062169, 10.7938283 45.6062219, 10.7938382 45.6062286, 10.7938456 45.6062367, 10.7938501 45.6062459, 10.7938515 45.6062554, 10.7938497 45.606265, 10.7938448 45.606274, 10.7938371 45.606282, 10.7938269 45.6062885, 10.7938149 45.6062932, 10.7938016 45.6062959, 10.7937879 45.6062963, 10.7937743 45.6062945, 10.7937617 45.6062905, 10.7937508 45.6062847, 10.7937421 45.6062772, 10.7937361 45.6062685, 10.7937331 45.6062591))",way,,,,
199,,,239925851,1380484089,,,1,,,,,,,,,,,,,fountain,,,,,"POLYGON ((10.8476827 45.4742801, 10.8476661 45.4742689, 10.8476551 45.4742547, 10.8476509 45.4742388, 10.847654 45.4742228, 10.847664 45.4742082, 10.8476799 45.4741965, 10.8477002 45.4741888, 10.8477228 45.4741859, 10.8477457 45.474188, 10.8477665 45.474195, 10.8477832 45.4742062, 10.8477941 45.4742204, 10.8477983 45.4742363, 10.8477952 45.4742523, 10.8477852 45.4742669, 10.8477693 45.4742786, 10.8477491 45.4742863, 10.8477264 45.4742892, 10.8477035 45.4742871, 10.8476827 45.4742801))",way,,,,
200,,,243377946,1417826629,,"{""alt_name"":""Ca' Fornelletti;Forneletti;""}",2,,,,,,,Casa Fornelletti,,,,,,social_centre,,,,,"POLYGON ((10.7088759 45.3784272, 10.7087537 45.3783976, 10.7085947 45.3783639, 10.7083054 45.3783007, 10.7082755 45.3783687, 10.7082559 45.3784134, 10.7084264 45.378452, 10.708422 45.378461, 10.7085585 45.3784905, 10.708575 45.3784542, 10.708837 45.3785133, 10.7088759 45.3784272))",way,house,,,
201,,,246240880,1399196625,,"{""wheelchair"":""yes""}",5,Valeggio Sul Mincio,,8,37067,Piazza San Rocco,teatrosmeraldo@yahoo.it,Cinema Teatro Smeraldo,,,+39 045 7951880,,http://www.teatrosmeraldovaleggio.it/,theatre,,,,Survey,"POLYGON ((10.7325684 45.3550136, 10.7325594 45.3549724, 10.732551 45.3549299, 10.7325326 45.3548334, 10.7325002 45.3546636, 10.7321933 45.3546953, 10.7322064 45.3547626, 10.7322637 45.3547572, 10.7322749 45.3548111, 10.7323545 45.3548054, 10.7323627 45.3548462, 10.7323806 45.35494, 10.7323997 45.3550297, 10.7324771 45.3550223, 10.7325684 45.3550136))",way,yes,,,
202,,,246241013,1625228961,,,3,,,,,,,,,,,,,fountain,,,,,"POLYGON ((10.7339961 45.3637041, 10.7339865 45.3637023, 10.7339765 45.3637028, 10.7339674 45.3637056, 10.7339602 45.3637104, 10.7339558 45.3637163, 10.7339543 45.3637229, 10.7339558 45.3637294, 10.7339602 45.3637353, 10.7339671 45.3637399, 10.7339756 45.3637427, 10.733985 45.3637435, 10.7339942 45.3637422, 10.7340024 45.3637388, 10.7340086 45.3637339, 10.7340124 45.3637274, 10.7340129 45.3637204, 10.7340101 45.3637137, 10.7340043 45.363708, 10.7339961 45.3637041))",way,,,,
203,,,248686932,1399759607,,,2,,,,,,,,,,,,,fountain,,,,,"POLYGON ((11.168262 45.3573057, 11.1682855 45.3572996, 11.1682988 45.3572846, 11.1682966 45.357267, 11.1682797 45.357254, 11.1682549 45.357251, 11.1682328 45.3572592, 11.1682221 45.3572752, 11.1682277 45.3572925, 11.1682468 45.3573038, 11.168262 45.3573057))",way,,,,
204,,,291786686,1404756895,,,1,,,,,,,,,,,,,fountain,,,,,"POLYGON ((10.840668 45.4078662, 10.8406353 45.4078655, 10.8406054 45.4078748, 10.8405842 45.4078923, 10.8405759 45.4079145, 10.8405822 45.407937, 10.8406017 45.4079554, 10.8406307 45.4079661, 10.8406634 45.4079668, 10.8406933 45.4079575, 10.8407145 45.40794, 10.8407228 45.4079178, 10.8407165 45.4078952, 10.840697 45.4078769, 10.840668 45.4078662))",way,,,,
205,,,317232542,1501373656,,,2,,,3,37122,Via Carlo Montanari,,Teatro alle Stimate,,Scuole alle Stimate,,,,theatre,,,,,"POLYGON ((10.9934492 45.4359116, 10.9935099 45.4360216, 10.9938216 45.4359378, 10.9938024 45.4359009, 10.9938743 45.4358803, 10.9938307 45.4357965, 10.993595 45.4358698, 10.9934492 45.4359116))",way,yes,,,
206,,,320654175,1420541921,,,1,Cerea,,4/a,37053,Via Palesella,,Corte degli Angeli,,,,,http://www.cortedegliangeli.com/,nightclub,,,,,"POLYGON ((11.2380031 45.2113091, 11.238048 45.2106474, 11.2389755 45.2107403, 11.238801 45.2113825, 11.2380031 45.2113091))",way,yes,,,
207,,,362091466,1439759808,,,2,,,,,,,Centro Anziani Povegliano Veronese,,"Anteas ""La Madonnina""",,,,community_centre,,,,,"POLYGON ((10.8853326 45.3495352, 10.8847525 45.3494303, 10.8846307 45.3497967, 10.8845074 45.3497789, 10.8844711 45.349893, 10.8844697 45.3498975, 10.8844496 45.3499956, 10.8846697 45.3500375, 10.8846766 45.3500202, 10.8847314 45.3500457, 10.8847327 45.3501432, 10.8850324 45.3501958, 10.8852306 45.3497621, 10.8852428 45.3497341, 10.8853326 45.3495352))",way,,,,
208,,,363350900,1438362238,,,1,,,,,,,,,,,,,fountain,,,,,"POLYGON ((11.4026498 45.2843536, 11.402653 45.2843431, 11.4026616 45.2843342, 11.4026744 45.2843283, 11.4026895 45.2843263, 11.4027045 45.2843285, 11.4027171 45.2843346, 11.4027255 45.2843436, 11.4027283 45.2843542, 11.4027251 45.2843648, 11.4027165 45.2843736, 11.4027036 45.2843795, 11.4026886 45.2843815, 11.4026736 45.2843793, 11.402661 45.2843732, 11.4026526 45.2843642, 11.4026498 45.2843536))",way,,,,
209,,,366518616,1439999499,,,1,,,,,,,,,,,,,fountain,,,,,"POLYGON ((10.7171949 45.548276, 10.7171939 45.5482641, 10.7172053 45.5482551, 10.7172223 45.5482544, 10.7172351 45.5482624, 10.7172361 45.5482743, 10.7172248 45.5482833, 10.7172077 45.548284, 10.7171949 45.548276))",way,,,,
210,,,381158000,1447894256,,,1,,,,,,,,,,,,,fountain,,,,,"POLYGON ((10.9654892 45.4526511, 10.9655113 45.4526376, 10.965525 45.4526195, 10.9655285 45.4525991, 10.9655212 45.4525793, 10.9655042 45.4525626, 10.9654797 45.4525513, 10.9654564 45.4525474, 10.965442 45.4526574, 10.9654617 45.452658, 10.9654892 45.4526511))",way,,,,
211,,,385608519,1454847844,,"{""fixme"":""name?""}",3,,,,,,,,,,,,,cinema,,,,,"POLYGON ((11.0410707 45.4446288, 11.0408933 45.4442095, 11.0410711 45.4441725, 11.0411163 45.4442791, 11.0411414 45.4442739, 11.0412737 45.4445865, 11.0410707 45.4446288))",way,yes,,,
212,,,388883571,1451572916,,,1,,,,,,,,,,,,,fountain,,,,,"POLYGON ((11.0881447 45.6030641, 11.088114 45.6031156, 11.0880786 45.6031053, 11.0881022 45.6030657, 11.0881207 45.6030711, 11.0881278 45.6030592, 11.0881447 45.6030641))",way,,,,
213,,,396554010,1547669769,,"{""natural"":""water""}",5,,,,,,,Madonna Verona,,,,,,fountain,,,,,"POLYGON ((10.9971243 45.4432082, 10.9971305 45.4432177, 10.9971316 45.4432282, 10.9971276 45.4432382, 10.9971189 45.4432468, 10.9971066 45.4432527, 10.9970921 45.4432553, 10.9970773 45.4432543, 10.997065 45.4432503, 10.9970551 45.443244, 10.9970485 45.4432357, 10.9970458 45.4432265, 10.9970474 45.4432171, 10.997053 45.4432085, 10.9970621 45.4432015, 10.9970738 45.4431969, 10.997087 45.4431951, 10.9971004 45.4431962, 10.9971139 45.4432007, 10.9971243 45.4432082))",way,,,,
214,,,433544505,1469569611,,,1,,,,,,,Prezzemolo,,,,,,fountain,,,,,"POLYGON ((10.7139554 45.4544573, 10.7139838 45.4544598, 10.7140059 45.4544783, 10.7140193 45.454498, 10.7140152 45.454524, 10.713995 45.4545434, 10.7139593 45.454555, 10.7139293 45.4545527, 10.7139031 45.4545413, 10.7138875 45.4545214, 10.7138856 45.4544996, 10.7138974 45.4544793, 10.7139206 45.454462, 10.7139554 45.4544573))",way,,,,
215,,,444053691,1524984978,,"{""wheelchair"":""yes""}",2,,,,,,,Animation,,,,,,theatre,,,,,"POLYGON ((10.676378 45.4441434, 10.6761795 45.4439515, 10.6763861 45.4438593, 10.6765765 45.4440493, 10.676378 45.4441434))",way,yes,,,
216,,,453368659,1479152748,,,1,,,,,,,,,,,,,fountain,,,,,"POLYGON ((10.9836507 45.4492562, 10.9836405 45.4492407, 10.9836416 45.4492238, 10.9836539 45.4492091, 10.9836745 45.4492001, 10.9836987 45.4491989, 10.9837209 45.4492057, 10.9837361 45.4492189, 10.9837408 45.4492356, 10.9837339 45.4492519, 10.9837169 45.4492641, 10.9836939 45.4492693, 10.98367 45.4492665, 10.9836507 45.4492562))",way,,,,
217,,,498580929,1559170262,,"{""wikidata"":""Q3982118""}",3,,,7,,Via Teatro Ristori,info@teatroristori.org,Teatro Ristori,,,+39 045 693 0001,,http://www.teatroristori.org/,theatre,,,,,"POLYGON ((10.9865647 45.4380095, 10.9866211 45.4380428, 10.986807 45.4379842, 10.9869717 45.4378097, 10.9870983 45.4376591, 10.9869598 45.4375803, 10.9869561 45.4375831, 10.9869425 45.4375917, 10.9868801 45.4376217, 10.9868012 45.4376542, 10.986598 45.4377517, 10.986593 45.4377622, 10.986556 45.4377806, 10.9864243 45.4378519, 10.9863841 45.4378747, 10.9864176 45.4379011, 10.9865199 45.4379765, 10.9865647 45.4380095))",way,yes,,it:Teatro Ristori,
218,,,534492415,1593363427,,"{""theatre:genre"":""variety"",""wheelchair"":""yes""}",2,,,,,,,,,Piani di Clodia,,,,theatre,,,,,"POLYGON ((10.7269661 45.4845007, 10.7269399 45.4845683, 10.7267831 45.4845385, 10.7268093 45.4844709, 10.7269661 45.4845007))",way,,,,
219,,,633119619,1539297231,,"{""barrier"":""kerb"",""natural"":""water""}",1,,,,,,,,,,,,,fountain,,,,,"POLYGON ((10.7378833 45.3565448, 10.7378917 45.3565284, 10.7379075 45.356515, 10.7379288 45.3565061, 10.7379532 45.3565028, 10.7379777 45.3565056, 10.7379995 45.356514, 10.7380159 45.3565271, 10.738025 45.3565433, 10.7380261 45.3565583, 10.7380209 45.3565729, 10.7380099 45.3565858, 10.737994 45.3565958, 10.7379745 45.3566022, 10.7379533 45.3566042, 10.737929 45.356601, 10.7379076 45.3565921, 10.7378917 45.3565787, 10.7378833 45.3565623, 10.7378833 45.3565448))",way,,,,
220,,,633120855,1539297809,,"{""barrier"":""kerb"",""natural"":""water""}",1,,,,,,,Fontana Silvia,,,,,,fountain,,,,,"POLYGON ((10.7340171 45.3531336, 10.7340185 45.3531382, 10.7340176 45.3531429, 10.7340144 45.3531471, 10.7340095 45.3531503, 10.7340032 45.3531521, 10.7339965 45.3531522, 10.7339901 45.3531508, 10.7339852 45.3531483, 10.7339817 45.3531448, 10.7339799 45.3531407, 10.7339799 45.3531364, 10.7339819 45.3531323, 10.7339856 45.3531289, 10.7339905 45.3531265, 10.7339964 45.3531252, 10.7340025 45.3531253, 10.7340082 45.3531267, 10.7340135 45.3531296, 10.7340171 45.3531336))",way,,,,
221,,,641032443,1541375110,,"{""barrier"":""kerb"",""natural"":""water""}",1,,,,,,,,,,,,,fountain,,,,,"POLYGON ((10.9933313 45.4365817, 10.9933167 45.4365889, 10.9933063 45.4365991, 10.9933012 45.4366111, 10.993302 45.4366236, 10.9933087 45.4366352, 10.9933204 45.4366447, 10.993336 45.4366509, 10.9933531 45.4366532, 10.9933704 45.4366515, 10.993386 45.436646, 10.9933982 45.4366373, 10.9934058 45.4366263, 10.993408 45.4366141, 10.9934045 45.4366021, 10.9933956 45.4365916, 10.9933825 45.4365835, 10.9933663 45.4365789, 10.9933485 45.4365782, 10.9933313 45.4365817))",way,,,,
222,,,641035012,1541376303,,"{""barrier"":""kerb"",""natural"":""water""}",1,,,,,,,,,,,,,fountain,,,,,"POLYGON ((10.9925946 45.4370272, 10.9926053 45.4370326, 10.992613 45.4370401, 10.992617 45.437049, 10.9926168 45.4370583, 10.9926125 45.437067, 10.9926044 45.4370744, 10.9925935 45.4370796, 10.9925808 45.4370822, 10.9925667 45.4370816, 10.9925536 45.4370778, 10.9925431 45.4370711, 10.9925365 45.4370623, 10.9925344 45.4370525, 10.9925372 45.4370427, 10.9925445 45.4370342, 10.9925554 45.4370279, 10.9925687 45.4370245, 10.992582 45.4370244, 10.9925946 45.4370272))",way,,,,
223,,,641036139,1541376618,,"{""barrier"":""kerb"",""natural"":""water""}",1,,,,,,,,,,,,,fountain,,,,,"POLYGON ((10.9899788 45.4360168, 10.9900122 45.4360766, 10.9900698 45.4360918, 10.9900924 45.4361294, 10.9900506 45.4361815, 10.9899587 45.436154, 10.9899253 45.4360924, 10.9898793 45.4360819, 10.9898509 45.436049, 10.9898852 45.4360057, 10.9899203 45.4359992, 10.9899788 45.4360168))",way,,,,
224,,,641036142,1541376618,,"{""barrier"":""kerb"",""natural"":""water""}",1,,,,,,,,,,,,,fountain,,,,,"POLYGON ((10.989802 45.4356039, 10.9898632 45.4356224, 10.9899232 45.435749, 10.989845 45.4357676, 10.9897959 45.435672, 10.9897249 45.4356591, 10.9897076 45.4356284, 10.989802 45.4356039))",way,,,,
225,,,674387067,1551696820,,"{""description"":""Teatro all'aperto"",""leisure"":""park""}",2,Trevenzuolo,,22,37060,Viale L. Rossignoli,,Arena Verde,,,,,,theatre,,,,,"POLYGON ((10.9307236 45.2719005, 10.9315084 45.2713643, 10.9308178 45.2710788, 10.9306055 45.2713361, 10.9303459 45.2716568, 10.9307236 45.2719005))",way,,,,
226,,,685430037,1556315162,,"{""club"":""history""}",2,,,,,,,Baita Alpini,,,,,,community_centre,,,,,"POLYGON ((10.991191 45.574484, 10.9911789 45.5743235, 10.9910733 45.5743274, 10.9910854 45.5744879, 10.991191 45.574484))",way,yes,,,
227,,,737101372,1571596786,,,1,,,,,,,,,,,,,fountain,,,,,"POLYGON ((10.6952096 45.4380557, 10.6953276 45.438113, 10.6954208 45.4380185, 10.6953028 45.4379612, 10.6952096 45.4380557))",way,,,,
228,,,753836945,1575875796,,,1,,,,,,,Baita degli Alpini,,,,,,community_centre,,,,,"POLYGON ((10.953054 45.4213622, 10.9532559 45.4214399, 10.9533342 45.4213397, 10.9531324 45.4212619, 10.953054 45.4213622))",way,yes,,,
229,,,856788718,1602162000,,,1,,,,,,,,,,,,,fountain,,,,,"POLYGON ((10.9818528 45.4301989, 10.9818914 45.4300966, 10.9820366 45.4301236, 10.981998 45.4302259, 10.9818528 45.4301989))",way,,,,
230,,,920900076,1617096634,,,3,,,,,,,Teatro Della Fantasia,,,,II,,theatre,,,,,"POLYGON ((10.7128409 45.4560466, 10.7127848 45.4560122, 10.7127045 45.4559631, 10.712601 45.4561754, 10.7128409 45.4560466))",way,yes,,,
231,,,921682947,1617096634,,,3,,,,,,,Buffalo Stage,,,,VI,,theatre,,,,,"POLYGON ((10.7106478 45.4574662, 10.7106645 45.4574923, 10.7107098 45.457478, 10.7107632 45.4574813, 10.7108222 45.4574947, 10.710836 45.4574647, 10.7108367 45.4574631, 10.7108277 45.4574496, 10.7107745 45.4574281, 10.7106429 45.4574402, 10.7106478 45.4574662))",way,detached,,,
232,,,921682952,1617178508,,"{""layer"":""-1"",""screen"":""1""}",3,,,,,,,Wonder Woman 4-D Experience,,,,26,,cinema,,,,,"POLYGON ((10.7096638 45.4574192, 10.7097768 45.4573639, 10.7100168 45.4573403, 10.710124 45.4573302, 10.7100679 45.4574977, 10.7100345 45.4575438, 10.7100005 45.4575465, 10.7099541 45.4575312, 10.7099081 45.4575305, 10.7098863 45.4575112, 10.7098573 45.4575099, 10.7098461 45.4574546, 10.7096638 45.4574192))",way,yes,,,
233,0.0,,12453971996,1583786236,,"{""type"":""multipolygon""}",4,,,,,,,Centro Diurno Anziani,,Fenalc,,,,community_centre,,,,,"POLYGON ((10.8509518 45.4718543, 10.8506018 45.4718834, 10.8506318 45.4720609, 10.8506628 45.4720584, 10.8507396 45.472052, 10.8509818 45.4720319, 10.8509518 45.4718543))",relation,yes,,,2
